This is pdfTeX, Version 3.141592653-2.6-1.40.25 (TeX Live 2023/Debian) (preloaded format=pdflatex 2025.10.6)  8 OCT 2025 21:18
entering extended mode
 restricted \write18 enabled.
 %&-line parsing enabled.
**problemformulation.tex
(./problemformulation.tex
LaTeX2e <2023-11-01> patch level 1
L3 programming layer <2024-01-22>
! Undefined control sequence.
l.1 \chapter
            {Problem Formulation}
The control sequence at the end of the top line
of your error message was never \def'ed. If you have
misspelled it (e.g., `\hobx'), type `I' and the correct
spelling (e.g., `I\hbox'). Otherwise just continue,
and I'll forget about whatever was undefined.


! LaTeX Error: Missing \begin{document}.

See the LaTeX manual or LaTeX Companion for explanation.
Type  H <return>  for immediate help.
 ...                                              
                                                  
l.1 \chapter{P
              roblem Formulation}
You're in trouble here.  Try typing  <return>  to proceed.
If that doesn't work, type  X <return>  to quit.

Missing character: There is no P in font nullfont!
Missing character: There is no r in font nullfont!
Missing character: There is no o in font nullfont!
Missing character: There is no b in font nullfont!
Missing character: There is no l in font nullfont!
Missing character: There is no e in font nullfont!
Missing character: There is no m in font nullfont!
Missing character: There is no F in font nullfont!
Missing character: There is no o in font nullfont!
Missing character: There is no r in font nullfont!
Missing character: There is no m in font nullfont!
Missing character: There is no u in font nullfont!
Missing character: There is no l in font nullfont!
Missing character: There is no a in font nullfont!
Missing character: There is no t in font nullfont!
Missing character: There is no i in font nullfont!
Missing character: There is no o in font nullfont!
Missing character: There is no n in font nullfont!

Overfull \hbox (20.0pt too wide) in paragraph at lines 1--2
[]
 []


! LaTeX Error: Missing \begin{document}.

See the LaTeX manual or LaTeX Companion for explanation.
Type  H <return>  for immediate help.
 ...                                              
                                                  
l.3 T
     his chapter formally defines the research problem, establishing the spe...

You're in trouble here.  Try typing  <return>  to proceed.
If that doesn't work, type  X <return>  to quit.

Missing character: There is no T in font nullfont!
Missing character: There is no h in font nullfont!
Missing character: There is no i in font nullfont!
Missing character: There is no s in font nullfont!
Missing character: There is no c in font nullfont!
Missing character: There is no h in font nullfont!
Missing character: There is no a in font nullfont!
Missing character: There is no p in font nullfont!
Missing character: There is no t in font nullfont!
Missing character: There is no e in font nullfont!
Missing character: There is no r in font nullfont!
Missing character: There is no f in font nullfont!
Missing character: There is no o in font nullfont!
Missing character: There is no r in font nullfont!
Missing character: There is no m in font nullfont!
Missing character: There is no a in font nullfont!
Missing character: There is no l in font nullfont!
Missing character: There is no l in font nullfont!
Missing character: There is no y in font nullfont!
Missing character: There is no d in font nullfont!
Missing character: There is no e in font nullfont!
Missing character: There is no f in font nullfont!
Missing character: There is no i in font nullfont!
Missing character: There is no n in font nullfont!
Missing character: There is no e in font nullfont!
Missing character: There is no s in font nullfont!
Missing character: There is no t in font nullfont!
Missing character: There is no h in font nullfont!
Missing character: There is no e in font nullfont!
Missing character: There is no r in font nullfont!
Missing character: There is no e in font nullfont!
Missing character: There is no s in font nullfont!
Missing character: There is no e in font nullfont!
Missing character: There is no a in font nullfont!
Missing character: There is no r in font nullfont!
Missing character: There is no c in font nullfont!
Missing character: There is no h in font nullfont!
Missing character: There is no p in font nullfont!
Missing character: There is no r in font nullfont!
Missing character: There is no o in font nullfont!
Missing character: There is no b in font nullfont!
Missing character: There is no l in font nullfont!
Missing character: There is no e in font nullfont!
Missing character: There is no m in font nullfont!
Missing character: There is no , in font nullfont!
Missing character: There is no e in font nullfont!
Missing character: There is no s in font nullfont!
Missing character: There is no t in font nullfont!
Missing character: There is no a in font nullfont!
Missing character: There is no b in font nullfont!
Missing character: There is no l in font nullfont!
Missing character: There is no i in font nullfont!
Missing character: There is no s in font nullfont!
Missing character: There is no h in font nullfont!
Missing character: There is no i in font nullfont!
Missing character: There is no n in font nullfont!
Missing character: There is no g in font nullfont!
Missing character: There is no t in font nullfont!
Missing character: There is no h in font nullfont!
Missing character: There is no e in font nullfont!
Missing character: There is no s in font nullfont!
Missing character: There is no p in font nullfont!
Missing character: There is no e in font nullfont!
Missing character: There is no c in font nullfont!
Missing character: There is no i in font nullfont!
Missing character: There is no f in font nullfont!
Missing character: There is no i in font nullfont!
Missing character: There is no c in font nullfont!
Missing character: There is no p in font nullfont!
Missing character: There is no h in font nullfont!
Missing character: There is no y in font nullfont!
Missing character: There is no s in font nullfont!
Missing character: There is no i in font nullfont!
Missing character: There is no c in font nullfont!
Missing character: There is no a in font nullfont!
Missing character: There is no l in font nullfont!
Missing character: There is no s in font nullfont!
Missing character: There is no y in font nullfont!
Missing character: There is no s in font nullfont!
Missing character: There is no t in font nullfont!
Missing character: There is no e in font nullfont!
Missing character: There is no m in font nullfont!
Missing character: There is no u in font nullfont!
Missing character: There is no n in font nullfont!
Missing character: There is no d in font nullfont!
Missing character: There is no e in font nullfont!
Missing character: There is no r in font nullfont!
Missing character: There is no i in font nullfont!
Missing character: There is no n in font nullfont!
Missing character: There is no v in font nullfont!
Missing character: There is no e in font nullfont!
Missing character: There is no s in font nullfont!
Missing character: There is no t in font nullfont!
Missing character: There is no i in font nullfont!
Missing character: There is no g in font nullfont!
Missing character: There is no a in font nullfont!
Missing character: There is no t in font nullfont!
Missing character: There is no i in font nullfont!
Missing character: There is no o in font nullfont!
Missing character: There is no n in font nullfont!
Missing character: There is no , in font nullfont!
Missing character: There is no t in font nullfont!
Missing character: There is no h in font nullfont!
Missing character: There is no e in font nullfont!
Missing character: There is no c in font nullfont!
Missing character: There is no o in font nullfont!
Missing character: There is no n in font nullfont!
Missing character: There is no s in font nullfont!
Missing character: There is no t in font nullfont!
Missing character: There is no r in font nullfont!
Missing character: There is no a in font nullfont!
Missing character: There is no i in font nullfont!
Missing character: There is no n in font nullfont!
Missing character: There is no t in font nullfont!
Missing character: There is no s in font nullfont!
Missing character: There is no i in font nullfont!
Missing character: There is no m in font nullfont!
Missing character: There is no p in font nullfont!
Missing character: There is no o in font nullfont!
Missing character: There is no s in font nullfont!
Missing character: There is no e in font nullfont!
Missing character: There is no d in font nullfont!
Missing character: There is no b in font nullfont!
Missing character: There is no y in font nullfont!
Missing character: There is no l in font nullfont!
Missing character: There is no a in font nullfont!
Missing character: There is no r in font nullfont!
Missing character: There is no g in font nullfont!
Missing character: There is no e in font nullfont!
Missing character: There is no - in font nullfont!
Missing character: There is no s in font nullfont!
Missing character: There is no c in font nullfont!
Missing character: There is no a in font nullfont!
Missing character: There is no l in font nullfont!
Missing character: There is no e in font nullfont!
Missing character: There is no p in font nullfont!
Missing character: There is no r in font nullfont!
Missing character: There is no e in font nullfont!
Missing character: There is no t in font nullfont!
Missing character: There is no r in font nullfont!
Missing character: There is no a in font nullfont!
Missing character: There is no i in font nullfont!
Missing character: There is no n in font nullfont!
Missing character: There is no i in font nullfont!
Missing character: There is no n in font nullfont!
Missing character: There is no g in font nullfont!
Missing character: There is no d in font nullfont!
Missing character: There is no a in font nullfont!
Missing character: There is no t in font nullfont!
Missing character: There is no a in font nullfont!
Missing character: There is no , in font nullfont!
Missing character: There is no a in font nullfont!
Missing character: There is no n in font nullfont!
Missing character: There is no d in font nullfont!
Missing character: There is no t in font nullfont!
Missing character: There is no h in font nullfont!
Missing character: There is no e in font nullfont!
Missing character: There is no m in font nullfont!
Missing character: There is no a in font nullfont!
Missing character: There is no t in font nullfont!
Missing character: There is no h in font nullfont!
Missing character: There is no e in font nullfont!
Missing character: There is no m in font nullfont!
Missing character: There is no a in font nullfont!
Missing character: There is no t in font nullfont!
Missing character: There is no i in font nullfont!
Missing character: There is no c in font nullfont!
Missing character: There is no a in font nullfont!
Missing character: There is no l in font nullfont!
Missing character: There is no f in font nullfont!
Missing character: There is no r in font nullfont!
Missing character: There is no a in font nullfont!
Missing character: There is no m in font nullfont!
Missing character: There is no e in font nullfont!
Missing character: There is no w in font nullfont!
Missing character: There is no o in font nullfont!
Missing character: There is no r in font nullfont!
Missing character: There is no k in font nullfont!
Missing character: There is no f in font nullfont!
Missing character: There is no o in font nullfont!
Missing character: There is no r in font nullfont!
Missing character: There is no t in font nullfont!
Missing character: There is no h in font nullfont!
Missing character: There is no e in font nullfont!
Missing character: There is no t in font nullfont!
Missing character: There is no w in font nullfont!
Missing character: There is no o in font nullfont!
Missing character: There is no p in font nullfont!
Missing character: There is no r in font nullfont!
Missing character: There is no o in font nullfont!
Missing character: There is no p in font nullfont!
Missing character: There is no o in font nullfont!
Missing character: There is no s in font nullfont!
Missing character: There is no e in font nullfont!
Missing character: There is no d in font nullfont!
Missing character: There is no A in font nullfont!
Missing character: There is no I in font nullfont!
Missing character: There is no s in font nullfont!
Missing character: There is no u in font nullfont!
Missing character: There is no r in font nullfont!
Missing character: There is no r in font nullfont!
Missing character: There is no o in font nullfont!
Missing character: There is no g in font nullfont!
Missing character: There is no a in font nullfont!
Missing character: There is no t in font nullfont!
Missing character: There is no e in font nullfont!
Missing character: There is no m in font nullfont!
Missing character: There is no o in font nullfont!
Missing character: There is no d in font nullfont!
Missing character: There is no e in font nullfont!
Missing character: There is no l in font nullfont!
Missing character: There is no s in font nullfont!
Missing character: There is no . in font nullfont!

Overfull \hbox (20.0pt too wide) in paragraph at lines 3--4
[]
 []

! Undefined control sequence.
l.5 \section
            {Governing System and Data Scope}
The control sequence at the end of the top line
of your error message was never \def'ed. If you have
misspelled it (e.g., `\hobx'), type `I' and the correct
spelling (e.g., `I\hbox'). Otherwise just continue,
and I'll forget about whatever was undefined.


! LaTeX Error: Missing \begin{document}.

See the LaTeX manual or LaTeX Companion for explanation.
Type  H <return>  for immediate help.
 ...                                              
                                                  
l.5 \section{G
              overning System and Data Scope}
You're in trouble here.  Try typing  <return>  to proceed.
If that doesn't work, type  X <return>  to quit.

Missing character: There is no G in font nullfont!
Missing character: There is no o in font nullfont!
Missing character: There is no v in font nullfont!
Missing character: There is no e in font nullfont!
Missing character: There is no r in font nullfont!
Missing character: There is no n in font nullfont!
Missing character: There is no i in font nullfont!
Missing character: There is no n in font nullfont!
Missing character: There is no g in font nullfont!
Missing character: There is no S in font nullfont!
Missing character: There is no y in font nullfont!
Missing character: There is no s in font nullfont!
Missing character: There is no t in font nullfont!
Missing character: There is no e in font nullfont!
Missing character: There is no m in font nullfont!
Missing character: There is no a in font nullfont!
Missing character: There is no n in font nullfont!
Missing character: There is no d in font nullfont!
Missing character: There is no D in font nullfont!
Missing character: There is no a in font nullfont!
Missing character: There is no t in font nullfont!
Missing character: There is no a in font nullfont!
Missing character: There is no S in font nullfont!
Missing character: There is no c in font nullfont!
Missing character: There is no o in font nullfont!
Missing character: There is no p in font nullfont!
Missing character: There is no e in font nullfont!

Overfull \hbox (20.0pt too wide) in paragraph at lines 5--6
[]
 []


! LaTeX Error: Missing \begin{document}.

See the LaTeX manual or LaTeX Companion for explanation.
Type  H <return>  for immediate help.
 ...                                              
                                                  
l.7 T
     he core physical system addressed by this research is flow governed by ...

You're in trouble here.  Try typing  <return>  to proceed.
If that doesn't work, type  X <return>  to quit.

Missing character: There is no T in font nullfont!
Missing character: There is no h in font nullfont!
Missing character: There is no e in font nullfont!
Missing character: There is no c in font nullfont!
Missing character: There is no o in font nullfont!
Missing character: There is no r in font nullfont!
Missing character: There is no e in font nullfont!
Missing character: There is no p in font nullfont!
Missing character: There is no h in font nullfont!
Missing character: There is no y in font nullfont!
Missing character: There is no s in font nullfont!
Missing character: There is no i in font nullfont!
Missing character: There is no c in font nullfont!
Missing character: There is no a in font nullfont!
Missing character: There is no l in font nullfont!
Missing character: There is no s in font nullfont!
Missing character: There is no y in font nullfont!
Missing character: There is no s in font nullfont!
Missing character: There is no t in font nullfont!
Missing character: There is no e in font nullfont!
Missing character: There is no m in font nullfont!
Missing character: There is no a in font nullfont!
Missing character: There is no d in font nullfont!
Missing character: There is no d in font nullfont!
Missing character: There is no r in font nullfont!
Missing character: There is no e in font nullfont!
Missing character: There is no s in font nullfont!
Missing character: There is no s in font nullfont!
Missing character: There is no e in font nullfont!
Missing character: There is no d in font nullfont!
Missing character: There is no b in font nullfont!
Missing character: There is no y in font nullfont!
Missing character: There is no t in font nullfont!
Missing character: There is no h in font nullfont!
Missing character: There is no i in font nullfont!
Missing character: There is no s in font nullfont!
Missing character: There is no r in font nullfont!
Missing character: There is no e in font nullfont!
Missing character: There is no s in font nullfont!
Missing character: There is no e in font nullfont!
Missing character: There is no a in font nullfont!
Missing character: There is no r in font nullfont!
Missing character: There is no c in font nullfont!
Missing character: There is no h in font nullfont!
Missing character: There is no i in font nullfont!
Missing character: There is no s in font nullfont!
Missing character: There is no f in font nullfont!
Missing character: There is no l in font nullfont!
Missing character: There is no o in font nullfont!
Missing character: There is no w in font nullfont!
Missing character: There is no g in font nullfont!
Missing character: There is no o in font nullfont!
Missing character: There is no v in font nullfont!
Missing character: There is no e in font nullfont!
Missing character: There is no r in font nullfont!
Missing character: There is no n in font nullfont!
Missing character: There is no e in font nullfont!
Missing character: There is no d in font nullfont!
Missing character: There is no b in font nullfont!
Missing character: There is no y in font nullfont!
Missing character: There is no t in font nullfont!
Missing character: There is no h in font nullfont!
Missing character: There is no e in font nullfont!
Missing character: There is no N in font nullfont!
Missing character: There is no a in font nullfont!
Missing character: There is no v in font nullfont!
Missing character: There is no i in font nullfont!
Missing character: There is no e in font nullfont!
Missing character: There is no r in font nullfont!
Missing character: There is no - in font nullfont!
Missing character: There is no S in font nullfont!
Missing character: There is no t in font nullfont!
Missing character: There is no o in font nullfont!
Missing character: There is no k in font nullfont!
Missing character: There is no e in font nullfont!
Missing character: There is no s in font nullfont!
Missing character: There is no e in font nullfont!
Missing character: There is no q in font nullfont!
Missing character: There is no u in font nullfont!
Missing character: There is no a in font nullfont!
Missing character: There is no t in font nullfont!
Missing character: There is no i in font nullfont!
Missing character: There is no o in font nullfont!
Missing character: There is no n in font nullfont!
Missing character: There is no s in font nullfont!
Missing character: There is no . in font nullfont!
Missing character: There is no T in font nullfont!
Missing character: There is no h in font nullfont!
Missing character: There is no e in font nullfont!
Missing character: There is no p in font nullfont!
Missing character: There is no r in font nullfont!
Missing character: There is no o in font nullfont!
Missing character: There is no b in font nullfont!
Missing character: There is no l in font nullfont!
Missing character: There is no e in font nullfont!
Missing character: There is no m in font nullfont!
Missing character: There is no f in font nullfont!
Missing character: There is no o in font nullfont!
Missing character: There is no r in font nullfont!
Missing character: There is no m in font nullfont!
Missing character: There is no u in font nullfont!
Missing character: There is no l in font nullfont!
Missing character: There is no a in font nullfont!
Missing character: There is no t in font nullfont!
Missing character: There is no i in font nullfont!
Missing character: There is no o in font nullfont!
Missing character: There is no n in font nullfont!
Missing character: There is no m in font nullfont!
Missing character: There is no u in font nullfont!
Missing character: There is no s in font nullfont!
Missing character: There is no t in font nullfont!
Missing character: There is no a in font nullfont!
Missing character: There is no c in font nullfont!
Missing character: There is no c in font nullfont!
Missing character: There is no o in font nullfont!
Missing character: There is no u in font nullfont!
Missing character: There is no n in font nullfont!
Missing character: There is no t in font nullfont!
Missing character: There is no f in font nullfont!
Missing character: There is no o in font nullfont!
Missing character: There is no r in font nullfont!
Missing character: There is no t in font nullfont!
Missing character: There is no h in font nullfont!
Missing character: There is no e in font nullfont!
Missing character: There is no c in font nullfont!
Missing character: There is no o in font nullfont!
Missing character: There is no m in font nullfont!
Missing character: There is no p in font nullfont!
Missing character: There is no l in font nullfont!
Missing character: There is no e in font nullfont!
Missing character: There is no x in font nullfont!
Missing character: There is no i in font nullfont!
Missing character: There is no t in font nullfont!
Missing character: There is no y in font nullfont!
Missing character: There is no a in font nullfont!
Missing character: There is no n in font nullfont!
Missing character: There is no d in font nullfont!
Missing character: There is no v in font nullfont!
Missing character: There is no a in font nullfont!
Missing character: There is no r in font nullfont!
Missing character: There is no i in font nullfont!
Missing character: There is no a in font nullfont!
Missing character: There is no b in font nullfont!
Missing character: There is no i in font nullfont!
Missing character: There is no l in font nullfont!
Missing character: There is no i in font nullfont!
Missing character: There is no t in font nullfont!
Missing character: There is no y in font nullfont!
Missing character: There is no i in font nullfont!
Missing character: There is no n in font nullfont!
Missing character: There is no h in font nullfont!
Missing character: There is no e in font nullfont!
Missing character: There is no r in font nullfont!
Missing character: There is no e in font nullfont!
Missing character: There is no n in font nullfont!
Missing character: There is no t in font nullfont!
Missing character: There is no i in font nullfont!
Missing character: There is no n in font nullfont!
Missing character: There is no l in font nullfont!
Missing character: There is no a in font nullfont!
Missing character: There is no r in font nullfont!
Missing character: There is no g in font nullfont!
Missing character: There is no e in font nullfont!
Missing character: There is no - in font nullfont!
Missing character: There is no s in font nullfont!
Missing character: There is no c in font nullfont!
Missing character: There is no a in font nullfont!
Missing character: There is no l in font nullfont!
Missing character: There is no e in font nullfont!
Missing character: There is no p in font nullfont!
Missing character: There is no r in font nullfont!
Missing character: There is no e in font nullfont!
Missing character: There is no t in font nullfont!
Missing character: There is no r in font nullfont!
Missing character: There is no a in font nullfont!
Missing character: There is no i in font nullfont!
Missing character: There is no n in font nullfont!
Missing character: There is no i in font nullfont!
Missing character: There is no n in font nullfont!
Missing character: There is no g in font nullfont!
Missing character: There is no d in font nullfont!
Missing character: There is no a in font nullfont!
Missing character: There is no t in font nullfont!
Missing character: There is no a in font nullfont!
Missing character: There is no s in font nullfont!
Missing character: There is no o in font nullfont!
Missing character: There is no u in font nullfont!
Missing character: There is no r in font nullfont!
Missing character: There is no c in font nullfont!
Missing character: There is no e in font nullfont!
Missing character: There is no s in font nullfont!
Missing character: There is no , in font nullfont!
Missing character: There is no w in font nullfont!
Missing character: There is no h in font nullfont!
Missing character: There is no i in font nullfont!
Missing character: There is no c in font nullfont!
Missing character: There is no h in font nullfont!
Missing character: There is no n in font nullfont!
Missing character: There is no e in font nullfont!
Missing character: There is no c in font nullfont!
Missing character: There is no e in font nullfont!
Missing character: There is no s in font nullfont!
Missing character: There is no s in font nullfont!
Missing character: There is no i in font nullfont!
Missing character: There is no t in font nullfont!
Missing character: There is no a in font nullfont!
Missing character: There is no t in font nullfont!
Missing character: There is no e in font nullfont!
Missing character: There is no s in font nullfont!
Missing character: There is no g in font nullfont!
Missing character: There is no e in font nullfont!
Missing character: There is no n in font nullfont!
Missing character: There is no e in font nullfont!
Missing character: There is no r in font nullfont!
Missing character: There is no a in font nullfont!
Missing character: There is no l in font nullfont!
Missing character: There is no i in font nullfont!
Missing character: There is no z in font nullfont!
Missing character: There is no a in font nullfont!
Missing character: There is no t in font nullfont!
Missing character: There is no i in font nullfont!
Missing character: There is no o in font nullfont!
Missing character: There is no n in font nullfont!
Missing character: There is no a in font nullfont!
Missing character: There is no c in font nullfont!
Missing character: There is no r in font nullfont!
Missing character: There is no o in font nullfont!
Missing character: There is no s in font nullfont!
Missing character: There is no s in font nullfont!
Missing character: There is no d in font nullfont!
Missing character: There is no i in font nullfont!
Missing character: There is no v in font nullfont!
Missing character: There is no e in font nullfont!
Missing character: There is no r in font nullfont!
Missing character: There is no s in font nullfont!
Missing character: There is no e in font nullfont!
Missing character: There is no f in font nullfont!
Missing character: There is no l in font nullfont!
Missing character: There is no o in font nullfont!
Missing character: There is no w in font nullfont!
Missing character: There is no r in font nullfont!
Missing character: There is no e in font nullfont!
Missing character: There is no g in font nullfont!
Missing character: There is no i in font nullfont!
Missing character: There is no m in font nullfont!
Missing character: There is no e in font nullfont!
Missing character: There is no s in font nullfont!
Missing character: There is no a in font nullfont!
Missing character: There is no n in font nullfont!
Missing character: There is no d in font nullfont!
Missing character: There is no b in font nullfont!
Missing character: There is no o in font nullfont!
Missing character: There is no u in font nullfont!
Missing character: There is no n in font nullfont!
Missing character: There is no d in font nullfont!
Missing character: There is no a in font nullfont!
Missing character: There is no r in font nullfont!
Missing character: There is no y in font nullfont!
Missing character: There is no c in font nullfont!
Missing character: There is no o in font nullfont!
Missing character: There is no n in font nullfont!
Missing character: There is no d in font nullfont!
Missing character: There is no i in font nullfont!
Missing character: There is no t in font nullfont!
Missing character: There is no i in font nullfont!
Missing character: There is no o in font nullfont!
Missing character: There is no n in font nullfont!
Missing character: There is no s in font nullfont!
Missing character: There is no . in font nullfont!

Overfull \hbox (20.0pt too wide) in paragraph at lines 7--8
[]
 []

! Undefined control sequence.
l.9 \subsection
               {Governing Partial Differential Equations (PDEs)}
The control sequence at the end of the top line
of your error message was never \def'ed. If you have
misspelled it (e.g., `\hobx'), type `I' and the correct
spelling (e.g., `I\hbox'). Otherwise just continue,
and I'll forget about whatever was undefined.


! LaTeX Error: Missing \begin{document}.

See the LaTeX manual or LaTeX Companion for explanation.
Type  H <return>  for immediate help.
 ...                                              
                                                  
l.9 \subsection{G
                 overning Partial Differential Equations (PDEs)}
You're in trouble here.  Try typing  <return>  to proceed.
If that doesn't work, type  X <return>  to quit.

Missing character: There is no G in font nullfont!
Missing character: There is no o in font nullfont!
Missing character: There is no v in font nullfont!
Missing character: There is no e in font nullfont!
Missing character: There is no r in font nullfont!
Missing character: There is no n in font nullfont!
Missing character: There is no i in font nullfont!
Missing character: There is no n in font nullfont!
Missing character: There is no g in font nullfont!
Missing character: There is no P in font nullfont!
Missing character: There is no a in font nullfont!
Missing character: There is no r in font nullfont!
Missing character: There is no t in font nullfont!
Missing character: There is no i in font nullfont!
Missing character: There is no a in font nullfont!
Missing character: There is no l in font nullfont!
Missing character: There is no D in font nullfont!
Missing character: There is no i in font nullfont!
Missing character: There is no f in font nullfont!
Missing character: There is no f in font nullfont!
Missing character: There is no e in font nullfont!
Missing character: There is no r in font nullfont!
Missing character: There is no e in font nullfont!
Missing character: There is no n in font nullfont!
Missing character: There is no t in font nullfont!
Missing character: There is no i in font nullfont!
Missing character: There is no a in font nullfont!
Missing character: There is no l in font nullfont!
Missing character: There is no E in font nullfont!
Missing character: There is no q in font nullfont!
Missing character: There is no u in font nullfont!
Missing character: There is no a in font nullfont!
Missing character: There is no t in font nullfont!
Missing character: There is no i in font nullfont!
Missing character: There is no o in font nullfont!
Missing character: There is no n in font nullfont!
Missing character: There is no s in font nullfont!
Missing character: There is no ( in font nullfont!
Missing character: There is no P in font nullfont!
Missing character: There is no D in font nullfont!
Missing character: There is no E in font nullfont!
Missing character: There is no s in font nullfont!
Missing character: There is no ) in font nullfont!
Missing character: There is no T in font nullfont!
Missing character: There is no h in font nullfont!
Missing character: There is no e in font nullfont!
Missing character: There is no f in font nullfont!
Missing character: There is no o in font nullfont!
Missing character: There is no u in font nullfont!
Missing character: There is no n in font nullfont!
Missing character: There is no d in font nullfont!
Missing character: There is no a in font nullfont!
Missing character: There is no t in font nullfont!
Missing character: There is no i in font nullfont!
Missing character: There is no o in font nullfont!
Missing character: There is no n in font nullfont!
Missing character: There is no a in font nullfont!
Missing character: There is no l in font nullfont!
Missing character: There is no m in font nullfont!
Missing character: There is no o in font nullfont!
Missing character: There is no d in font nullfont!
Missing character: There is no e in font nullfont!
Missing character: There is no l in font nullfont!
Missing character: There is no i in font nullfont!
Missing character: There is no s in font nullfont!
Missing character: There is no t in font nullfont!
Missing character: There is no a in font nullfont!
Missing character: There is no s in font nullfont!
Missing character: There is no k in font nullfont!
Missing character: There is no e in font nullfont!
Missing character: There is no d in font nullfont!
Missing character: There is no w in font nullfont!
Missing character: There is no i in font nullfont!
Missing character: There is no t in font nullfont!
Missing character: There is no h in font nullfont!
Missing character: There is no l in font nullfont!
Missing character: There is no e in font nullfont!
Missing character: There is no a in font nullfont!
Missing character: There is no r in font nullfont!
Missing character: There is no n in font nullfont!
Missing character: There is no i in font nullfont!
Missing character: There is no n in font nullfont!
Missing character: There is no g in font nullfont!
Missing character: There is no t in font nullfont!
Missing character: There is no h in font nullfont!
Missing character: There is no e in font nullfont!
Missing character: There is no d in font nullfont!
Missing character: There is no y in font nullfont!
Missing character: There is no n in font nullfont!
Missing character: There is no a in font nullfont!
Missing character: There is no m in font nullfont!
Missing character: There is no i in font nullfont!
Missing character: There is no c in font nullfont!
Missing character: There is no s in font nullfont!
Missing character: There is no o in font nullfont!
Missing character: There is no f in font nullfont!
Missing character: There is no t in font nullfont!
Missing character: There is no h in font nullfont!
Missing character: There is no e in font nullfont!
Missing character: There is no i in font nullfont!
Missing character: There is no n in font nullfont!
Missing character: There is no c in font nullfont!
Missing character: There is no o in font nullfont!
Missing character: There is no m in font nullfont!
Missing character: There is no p in font nullfont!
Missing character: There is no r in font nullfont!
Missing character: There is no e in font nullfont!
Missing character: There is no s in font nullfont!
Missing character: There is no s in font nullfont!
Missing character: There is no i in font nullfont!
Missing character: There is no b in font nullfont!
Missing character: There is no l in font nullfont!
Missing character: There is no e in font nullfont!
Missing character: There is no N in font nullfont!
Missing character: There is no a in font nullfont!
Missing character: There is no v in font nullfont!
Missing character: There is no i in font nullfont!
Missing character: There is no e in font nullfont!
Missing character: There is no r in font nullfont!
Missing character: There is no - in font nullfont!
Missing character: There is no S in font nullfont!
Missing character: There is no t in font nullfont!
Missing character: There is no o in font nullfont!
Missing character: There is no k in font nullfont!
Missing character: There is no e in font nullfont!
Missing character: There is no s in font nullfont!
Missing character: There is no e in font nullfont!
Missing character: There is no q in font nullfont!
Missing character: There is no u in font nullfont!
Missing character: There is no a in font nullfont!
Missing character: There is no t in font nullfont!
Missing character: There is no i in font nullfont!
Missing character: There is no o in font nullfont!
Missing character: There is no n in font nullfont!
Missing character: There is no s in font nullfont!
Missing character: There is no , in font nullfont!
Missing character: There is no d in font nullfont!
Missing character: There is no e in font nullfont!
Missing character: There is no f in font nullfont!
Missing character: There is no i in font nullfont!
Missing character: There is no n in font nullfont!
Missing character: There is no e in font nullfont!
Missing character: There is no d in font nullfont!
Missing character: There is no b in font nullfont!
Missing character: There is no y in font nullfont!
Missing character: There is no t in font nullfont!
Missing character: There is no h in font nullfont!
Missing character: There is no e in font nullfont!
Missing character: There is no c in font nullfont!
Missing character: There is no o in font nullfont!
Missing character: There is no n in font nullfont!
Missing character: There is no s in font nullfont!
Missing character: There is no e in font nullfont!
Missing character: There is no r in font nullfont!
Missing character: There is no v in font nullfont!
Missing character: There is no a in font nullfont!
Missing character: There is no t in font nullfont!
Missing character: There is no i in font nullfont!
Missing character: There is no o in font nullfont!
Missing character: There is no n in font nullfont!
Missing character: There is no o in font nullfont!
Missing character: There is no f in font nullfont!
Missing character: There is no m in font nullfont!
Missing character: There is no o in font nullfont!
Missing character: There is no m in font nullfont!
Missing character: There is no e in font nullfont!
Missing character: There is no n in font nullfont!
Missing character: There is no t in font nullfont!
Missing character: There is no u in font nullfont!
Missing character: There is no m in font nullfont!
Missing character: There is no a in font nullfont!
Missing character: There is no n in font nullfont!
Missing character: There is no d in font nullfont!
Missing character: There is no m in font nullfont!
Missing character: There is no a in font nullfont!
Missing character: There is no s in font nullfont!
Missing character: There is no s in font nullfont!
Missing character: There is no . in font nullfont!
Missing character: There is no G in font nullfont!
Missing character: There is no i in font nullfont!
Missing character: There is no v in font nullfont!
Missing character: There is no e in font nullfont!
Missing character: There is no n in font nullfont!
Missing character: There is no a in font nullfont!
Missing character: There is no s in font nullfont!
Missing character: There is no p in font nullfont!
Missing character: There is no a in font nullfont!
Missing character: There is no t in font nullfont!
Missing character: There is no i in font nullfont!
Missing character: There is no a in font nullfont!
Missing character: There is no l in font nullfont!
Missing character: There is no d in font nullfont!
Missing character: There is no o in font nullfont!
Missing character: There is no m in font nullfont!
Missing character: There is no a in font nullfont!
Missing character: There is no i in font nullfont!
Missing character: There is no n in font nullfont!

! LaTeX Error: Unicode character Ω (U+03A9)
               not set up for use with LaTeX.

See the LaTeX manual or LaTeX Companion for explanation.
Type  H <return>  for immediate help.
 ...                                              
                                                  
l.10 ...mentum and mass. Given a spatial domain Ω
                                                   and time t∈[0,T], the s...

You may provide a definition with
\DeclareUnicodeCharacter 

Missing character: There is no a in font nullfont!
Missing character: There is no n in font nullfont!
Missing character: There is no d in font nullfont!
Missing character: There is no t in font nullfont!
Missing character: There is no i in font nullfont!
Missing character: There is no m in font nullfont!
Missing character: There is no e in font nullfont!
Missing character: There is no t in font nullfont!

! LaTeX Error: Unicode character ∈ (U+2208)
               not set up for use with LaTeX.

See the LaTeX manual or LaTeX Companion for explanation.
Type  H <return>  for immediate help.
 ...                                              
                                                  
l.10 ...s. Given a spatial domain Ω and time t∈
                                                  [0,T], the system state u(...

You may provide a definition with
\DeclareUnicodeCharacter 

Missing character: There is no [ in font nullfont!
Missing character: There is no 0 in font nullfont!
Missing character: There is no , in font nullfont!
Missing character: There is no T in font nullfont!
Missing character: There is no ] in font nullfont!
Missing character: There is no , in font nullfont!
Missing character: There is no t in font nullfont!
Missing character: There is no h in font nullfont!
Missing character: There is no e in font nullfont!
Missing character: There is no s in font nullfont!
Missing character: There is no y in font nullfont!
Missing character: There is no s in font nullfont!
Missing character: There is no t in font nullfont!
Missing character: There is no e in font nullfont!
Missing character: There is no m in font nullfont!
Missing character: There is no s in font nullfont!
Missing character: There is no t in font nullfont!
Missing character: There is no a in font nullfont!
Missing character: There is no t in font nullfont!
Missing character: There is no e in font nullfont!
Missing character: There is no u in font nullfont!
Missing character: There is no ( in font nullfont!
Missing character: There is no x in font nullfont!
Missing character: There is no , in font nullfont!
Missing character: There is no t in font nullfont!
Missing character: There is no ) in font nullfont!
Missing character: There is no = in font nullfont!
Missing character: There is no ( in font nullfont!
Missing character: There is no u in font nullfont!
Missing character: There is no x in font nullfont!

! LaTeX Error: Unicode character ​ (U+200B)
               not set up for use with LaTeX.

See the LaTeX manual or LaTeX Companion for explanation.
Type  H <return>  for immediate help.
 ...                                              
                                                  
l.10 ... t∈[0,T], the system state u(x,t)=(ux​
                                                  ,uy​,P) (velocity compon...

You may provide a definition with
\DeclareUnicodeCharacter 

Missing character: There is no , in font nullfont!
Missing character: There is no u in font nullfont!
Missing character: There is no y in font nullfont!

! LaTeX Error: Unicode character ​ (U+200B)
               not set up for use with LaTeX.

See the LaTeX manual or LaTeX Companion for explanation.
Type  H <return>  for immediate help.
 ...                                              
                                                  
l.10 ...0,T], the system state u(x,t)=(ux​,uy​
                                                  ,P) (velocity components a...

You may provide a definition with
\DeclareUnicodeCharacter 

Missing character: There is no , in font nullfont!
Missing character: There is no P in font nullfont!
Missing character: There is no ) in font nullfont!
Missing character: There is no ( in font nullfont!
Missing character: There is no v in font nullfont!
Missing character: There is no e in font nullfont!
Missing character: There is no l in font nullfont!
Missing character: There is no o in font nullfont!
Missing character: There is no c in font nullfont!
Missing character: There is no i in font nullfont!
Missing character: There is no t in font nullfont!
Missing character: There is no y in font nullfont!
Missing character: There is no c in font nullfont!
Missing character: There is no o in font nullfont!
Missing character: There is no m in font nullfont!
Missing character: There is no p in font nullfont!
Missing character: There is no o in font nullfont!
Missing character: There is no n in font nullfont!
Missing character: There is no e in font nullfont!
Missing character: There is no n in font nullfont!
Missing character: There is no t in font nullfont!
Missing character: There is no s in font nullfont!
Missing character: There is no a in font nullfont!
Missing character: There is no n in font nullfont!
Missing character: There is no d in font nullfont!
Missing character: There is no p in font nullfont!
Missing character: There is no r in font nullfont!
Missing character: There is no e in font nullfont!
Missing character: There is no s in font nullfont!
Missing character: There is no s in font nullfont!
Missing character: There is no u in font nullfont!
Missing character: There is no r in font nullfont!
Missing character: There is no e in font nullfont!
Missing character: There is no ) in font nullfont!
Missing character: There is no i in font nullfont!
Missing character: There is no s in font nullfont!
Missing character: There is no g in font nullfont!
Missing character: There is no o in font nullfont!
Missing character: There is no v in font nullfont!
Missing character: There is no e in font nullfont!
Missing character: There is no r in font nullfont!
Missing character: There is no n in font nullfont!
Missing character: There is no e in font nullfont!
Missing character: There is no d in font nullfont!
Missing character: There is no b in font nullfont!
Missing character: There is no y in font nullfont!
Missing character: There is no : in font nullfont!

Overfull \hbox (20.0pt too wide) in paragraph at lines 9--11
[]
 []


! LaTeX Error: Environment align* undefined.

See the LaTeX manual or LaTeX Companion for explanation.
Type  H <return>  for immediate help.
 ...                                              
                                                  
l.12 \begin{align*}
                    \frac{\partial \mathbf{u}}{\partial t} + (\mathbf{u} \cd...

Your command was ignored.
Type  I <command> <return>  to replace it with another command,
or  <return>  to continue without it.

! Missing $ inserted.
<inserted text> 
                $
l.12 ...n*} \frac{\partial \mathbf{u}}{\partial t}
                                                   + (\mathbf{u} \cdot \nabl...
I've inserted a begin-math/end-math symbol since I think
you left one out. Proceed, with fingers crossed.


! LaTeX Error: Missing \begin{document}.

See the LaTeX manual or LaTeX Companion for explanation.
Type  H <return>  for immediate help.
 ...                                              
                                                  
l.12 ...n*} \frac{\partial \mathbf{u}}{\partial t}
                                                   + (\mathbf{u} \cdot \nabl...

You're in trouble here.  Try typing  <return>  to proceed.
If that doesn't work, type  X <return>  to quit.

LaTeX Font Info:    External font `cmex10' loaded for size
(Font)              <7> on input line 12.
LaTeX Font Info:    External font `cmex10' loaded for size
(Font)              <5> on input line 12.
! Missing $ inserted.
<inserted text> 
                $
l.12 ...n*} \frac{\partial \mathbf{u}}{\partial t}
                                                   + (\mathbf{u} \cdot \nabl...
I've inserted something that you may have forgotten.
(See the <inserted text> above.)
With luck, this will get me unwedged. But if you
really didn't forget anything, try typing `2' now; then
my insertion and my current dilemma will both disappear.

! Missing $ inserted.
<inserted text> 
                $
l.12 ...n*} \frac{\partial \mathbf{u}}{\partial t}
                                                   + (\mathbf{u} \cdot \nabl...
I've inserted a begin-math/end-math symbol since I think
you left one out. Proceed, with fingers crossed.

! Extra }, or forgotten $.
\frac  #1#2->{\begingroup #1\endgroup \over #2}
                                               
l.12 ...n*} \frac{\partial \mathbf{u}}{\partial t}
                                                   + (\mathbf{u} \cdot \nabl...
I've deleted a group-closing symbol because it seems to be
spurious, as in `$x}$'. But perhaps the } is legitimate and
you forgot something else, as in `\hbox{$x}'. In such cases
the way to recover is to insert both the forgotten and the
deleted material, e.g., by typing `I$}'.

! Misplaced alignment tab character &.
l.12 ...t} + (\mathbf{u} \cdot \nabla)\mathbf{u} &
                                                  = - \frac{1}{\rho} \nabla ...
I can't figure out why you would want to use a tab mark
here. If you just want an ampersand, the remedy is
simple: Just type `I\&' now. But if some right brace
up above has ended a previous alignment prematurely,
you're probably due for more error messages, and you
might try typing `S' now just to see what is salvageable.

! Misplaced alignment tab character &.
l.12 ...u \nabla^2 \mathbf{u} + \mathbf{f} \quad &
                                                   \text{(Momentum)} \ \nabl...
I can't figure out why you would want to use a tab mark
here. If you just want an ampersand, the remedy is
simple: Just type `I\&' now. But if some right brace
up above has ended a previous alignment prematurely,
you're probably due for more error messages, and you
might try typing `S' now just to see what is salvageable.

! Undefined control sequence.
l.12 ...la^2 \mathbf{u} + \mathbf{f} \quad & \text
                                                  {(Momentum)} \ \nabla \cdo...
The control sequence at the end of the top line
of your error message was never \def'ed. If you have
misspelled it (e.g., `\hobx'), type `I' and the correct
spelling (e.g., `I\hbox'). Otherwise just continue,
and I'll forget about whatever was undefined.

! Misplaced alignment tab character &.
l.12 ...xt{(Momentum)} \ \nabla \cdot \mathbf{u} &
                                                  = 0 \quad & \text{(Continu...
I can't figure out why you would want to use a tab mark
here. If you just want an ampersand, the remedy is
simple: Just type `I\&' now. But if some right brace
up above has ended a previous alignment prematurely,
you're probably due for more error messages, and you
might try typing `S' now just to see what is salvageable.

! Misplaced alignment tab character &.
l.12 ...m)} \ \nabla \cdot \mathbf{u} &= 0 \quad &
                                                   \text{(Continuity)} \end{...
I can't figure out why you would want to use a tab mark
here. If you just want an ampersand, the remedy is
simple: Just type `I\&' now. But if some right brace
up above has ended a previous alignment prematurely,
you're probably due for more error messages, and you
might try typing `S' now just to see what is salvageable.

! Undefined control sequence.
l.12 ...\nabla \cdot \mathbf{u} &= 0 \quad & \text
                                                  {(Continuity)} \end{align*}
The control sequence at the end of the top line
of your error message was never \def'ed. If you have
misspelled it (e.g., `\hobx'), type `I' and the correct
spelling (e.g., `I\hbox'). Otherwise just continue,
and I'll forget about whatever was undefined.


! LaTeX Error: \begin{document} ended by \end{align*}.

See the LaTeX manual or LaTeX Companion for explanation.
Type  H <return>  for immediate help.
 ...                                              
                                                  
l.12 ...0 \quad & \text{(Continuity)} \end{align*}
                                                  
Your command was ignored.
Type  I <command> <return>  to replace it with another command,
or  <return>  to continue without it.

! Missing $ inserted.
<inserted text> 
                $
l.12 ...0 \quad & \text{(Continuity)} \end{align*}
                                                  
I've inserted something that you may have forgotten.
(See the <inserted text> above.)
With luck, this will get me unwedged. But if you
really didn't forget anything, try typing `2' now; then
my insertion and my current dilemma will both disappear.

! Missing } inserted.
<inserted text> 
                }
l.12 ...0 \quad & \text{(Continuity)} \end{align*}
                                                  
I've inserted something that you may have forgotten.
(See the <inserted text> above.)
With luck, this will get me unwedged. But if you
really didn't forget anything, try typing `2' now; then
my insertion and my current dilemma will both disappear.


Overfull \hbox (261.65129pt too wide) in paragraph at lines 12--13
[]$\OML/cmm/m/it/10 @\OT1/cmr/bx/n/10 u$$[]$ 
 []


! LaTeX Error: Missing \begin{document}.

See the LaTeX manual or LaTeX Companion for explanation.
Type  H <return>  for immediate help.
 ...                                              
                                                  
l.14 W
      here ρ is the fluid density, P is the pressure field, ν is the kinem...

You're in trouble here.  Try typing  <return>  to proceed.
If that doesn't work, type  X <return>  to quit.

Missing character: There is no W in font nullfont!
Missing character: There is no h in font nullfont!
Missing character: There is no e in font nullfont!
Missing character: There is no r in font nullfont!
Missing character: There is no e in font nullfont!

! LaTeX Error: Unicode character ρ (U+03C1)
               not set up for use with LaTeX.

See the LaTeX manual or LaTeX Companion for explanation.
Type  H <return>  for immediate help.
 ...                                              
                                                  
l.14 Where ρ
              is the fluid density, P is the pressure field, ν is the kinem...

You may provide a definition with
\DeclareUnicodeCharacter 

Missing character: There is no i in font nullfont!
Missing character: There is no s in font nullfont!
Missing character: There is no t in font nullfont!
Missing character: There is no h in font nullfont!
Missing character: There is no e in font nullfont!
Missing character: There is no f in font nullfont!
Missing character: There is no l in font nullfont!
Missing character: There is no u in font nullfont!
Missing character: There is no i in font nullfont!
Missing character: There is no d in font nullfont!
Missing character: There is no d in font nullfont!
Missing character: There is no e in font nullfont!
Missing character: There is no n in font nullfont!
Missing character: There is no s in font nullfont!
Missing character: There is no i in font nullfont!
Missing character: There is no t in font nullfont!
Missing character: There is no y in font nullfont!
Missing character: There is no , in font nullfont!
Missing character: There is no P in font nullfont!
Missing character: There is no i in font nullfont!
Missing character: There is no s in font nullfont!
Missing character: There is no t in font nullfont!
Missing character: There is no h in font nullfont!
Missing character: There is no e in font nullfont!
Missing character: There is no p in font nullfont!
Missing character: There is no r in font nullfont!
Missing character: There is no e in font nullfont!
Missing character: There is no s in font nullfont!
Missing character: There is no s in font nullfont!
Missing character: There is no u in font nullfont!
Missing character: There is no r in font nullfont!
Missing character: There is no e in font nullfont!
Missing character: There is no f in font nullfont!
Missing character: There is no i in font nullfont!
Missing character: There is no e in font nullfont!
Missing character: There is no l in font nullfont!
Missing character: There is no d in font nullfont!
Missing character: There is no , in font nullfont!

! LaTeX Error: Unicode character ν (U+03BD)
               not set up for use with LaTeX.

See the LaTeX manual or LaTeX Companion for explanation.
Type  H <return>  for immediate help.
 ...                                              
                                                  
l.14 ...fluid density, P is the pressure field, ν
                                                   is the kinematic viscosit...

You may provide a definition with
\DeclareUnicodeCharacter 

Missing character: There is no i in font nullfont!
Missing character: There is no s in font nullfont!
Missing character: There is no t in font nullfont!
Missing character: There is no h in font nullfont!
Missing character: There is no e in font nullfont!
Missing character: There is no k in font nullfont!
Missing character: There is no i in font nullfont!
Missing character: There is no n in font nullfont!
Missing character: There is no e in font nullfont!
Missing character: There is no m in font nullfont!
Missing character: There is no a in font nullfont!
Missing character: There is no t in font nullfont!
Missing character: There is no i in font nullfont!
Missing character: There is no c in font nullfont!
Missing character: There is no v in font nullfont!
Missing character: There is no i in font nullfont!
Missing character: There is no s in font nullfont!
Missing character: There is no c in font nullfont!
Missing character: There is no o in font nullfont!
Missing character: There is no s in font nullfont!
Missing character: There is no i in font nullfont!
Missing character: There is no t in font nullfont!
Missing character: There is no y in font nullfont!
Missing character: There is no ( in font nullfont!
Missing character: There is no i in font nullfont!
Missing character: There is no n in font nullfont!
Missing character: There is no v in font nullfont!
Missing character: There is no e in font nullfont!
Missing character: There is no r in font nullfont!
Missing character: There is no s in font nullfont!
Missing character: There is no e in font nullfont!
Missing character: There is no l in font nullfont!
Missing character: There is no y in font nullfont!
Missing character: There is no r in font nullfont!
Missing character: There is no e in font nullfont!
Missing character: There is no l in font nullfont!
Missing character: There is no a in font nullfont!
Missing character: There is no t in font nullfont!
Missing character: There is no e in font nullfont!
Missing character: There is no d in font nullfont!
Missing character: There is no t in font nullfont!
Missing character: There is no o in font nullfont!
Missing character: There is no t in font nullfont!
Missing character: There is no h in font nullfont!
Missing character: There is no e in font nullfont!
Missing character: There is no R in font nullfont!
Missing character: There is no e in font nullfont!
Missing character: There is no y in font nullfont!
Missing character: There is no n in font nullfont!
Missing character: There is no o in font nullfont!
Missing character: There is no l in font nullfont!
Missing character: There is no d in font nullfont!
Missing character: There is no s in font nullfont!
Missing character: There is no n in font nullfont!
Missing character: There is no u in font nullfont!
Missing character: There is no m in font nullfont!
Missing character: There is no b in font nullfont!
Missing character: There is no e in font nullfont!
Missing character: There is no r in font nullfont!
Missing character: There is no R in font nullfont!
Missing character: There is no e in font nullfont!
Missing character: There is no ) in font nullfont!
Missing character: There is no , in font nullfont!
Missing character: There is no a in font nullfont!
Missing character: There is no n in font nullfont!
Missing character: There is no d in font nullfont!
Missing character: There is no f in font nullfont!
Missing character: There is no r in font nullfont!
Missing character: There is no e in font nullfont!
Missing character: There is no p in font nullfont!
Missing character: There is no r in font nullfont!
Missing character: There is no e in font nullfont!
Missing character: There is no s in font nullfont!
Missing character: There is no e in font nullfont!
Missing character: There is no n in font nullfont!
Missing character: There is no t in font nullfont!
Missing character: There is no s in font nullfont!
Missing character: There is no e in font nullfont!
Missing character: There is no x in font nullfont!
Missing character: There is no t in font nullfont!
Missing character: There is no e in font nullfont!
Missing character: There is no r in font nullfont!
Missing character: There is no n in font nullfont!
Missing character: There is no a in font nullfont!
Missing character: There is no l in font nullfont!
Missing character: There is no b in font nullfont!
Missing character: There is no o in font nullfont!
Missing character: There is no d in font nullfont!
Missing character: There is no y in font nullfont!
Missing character: There is no f in font nullfont!
Missing character: There is no o in font nullfont!
Missing character: There is no r in font nullfont!
Missing character: There is no c in font nullfont!
Missing character: There is no e in font nullfont!
Missing character: There is no s in font nullfont!
Missing character: There is no . in font nullfont!

Overfull \hbox (20.0pt too wide) in paragraph at lines 14--15
[]
 []

! Undefined control sequence.
l.16 \subsection
                {Generalization Space and Data Abstraction}
The control sequence at the end of the top line
of your error message was never \def'ed. If you have
misspelled it (e.g., `\hobx'), type `I' and the correct
spelling (e.g., `I\hbox'). Otherwise just continue,
and I'll forget about whatever was undefined.


! LaTeX Error: Missing \begin{document}.

See the LaTeX manual or LaTeX Companion for explanation.
Type  H <return>  for immediate help.
 ...                                              
                                                  
l.16 \subsection{G
                  eneralization Space and Data Abstraction}
You're in trouble here.  Try typing  <return>  to proceed.
If that doesn't work, type  X <return>  to quit.

Missing character: There is no G in font nullfont!
Missing character: There is no e in font nullfont!
Missing character: There is no n in font nullfont!
Missing character: There is no e in font nullfont!
Missing character: There is no r in font nullfont!
Missing character: There is no a in font nullfont!
Missing character: There is no l in font nullfont!
Missing character: There is no i in font nullfont!
Missing character: There is no z in font nullfont!
Missing character: There is no a in font nullfont!
Missing character: There is no t in font nullfont!
Missing character: There is no i in font nullfont!
Missing character: There is no o in font nullfont!
Missing character: There is no n in font nullfont!
Missing character: There is no S in font nullfont!
Missing character: There is no p in font nullfont!
Missing character: There is no a in font nullfont!
Missing character: There is no c in font nullfont!
Missing character: There is no e in font nullfont!
Missing character: There is no a in font nullfont!
Missing character: There is no n in font nullfont!
Missing character: There is no d in font nullfont!
Missing character: There is no D in font nullfont!
Missing character: There is no a in font nullfont!
Missing character: There is no t in font nullfont!
Missing character: There is no a in font nullfont!
Missing character: There is no A in font nullfont!
Missing character: There is no b in font nullfont!
Missing character: There is no s in font nullfont!
Missing character: There is no t in font nullfont!
Missing character: There is no r in font nullfont!
Missing character: There is no a in font nullfont!
Missing character: There is no c in font nullfont!
Missing character: There is no t in font nullfont!
Missing character: There is no i in font nullfont!
Missing character: There is no o in font nullfont!
Missing character: There is no n in font nullfont!
Missing character: There is no T in font nullfont!
Missing character: There is no h in font nullfont!
Missing character: There is no e in font nullfont!
Missing character: There is no p in font nullfont!
Missing character: There is no r in font nullfont!
Missing character: There is no i in font nullfont!
Missing character: There is no m in font nullfont!
Missing character: There is no a in font nullfont!
Missing character: There is no r in font nullfont!
Missing character: There is no y in font nullfont!
Missing character: There is no o in font nullfont!
Missing character: There is no b in font nullfont!
Missing character: There is no j in font nullfont!
Missing character: There is no e in font nullfont!
Missing character: There is no c in font nullfont!
Missing character: There is no t in font nullfont!
Missing character: There is no i in font nullfont!
Missing character: There is no v in font nullfont!
Missing character: There is no e in font nullfont!
Missing character: There is no i in font nullfont!
Missing character: There is no s in font nullfont!
Missing character: There is no t in font nullfont!
Missing character: There is no o in font nullfont!
Missing character: There is no d in font nullfont!
Missing character: There is no e in font nullfont!
Missing character: There is no v in font nullfont!
Missing character: There is no e in font nullfont!
Missing character: There is no l in font nullfont!
Missing character: There is no o in font nullfont!
Missing character: There is no p in font nullfont!
Missing character: There is no a in font nullfont!
Missing character: There is no m in font nullfont!
Missing character: There is no o in font nullfont!
Missing character: There is no d in font nullfont!
Missing character: There is no e in font nullfont!
Missing character: There is no l in font nullfont!
Missing character: There is no F in font nullfont!
Missing character: There is no c in font nullfont!
Missing character: There is no a in font nullfont!
Missing character: There is no p in font nullfont!
Missing character: There is no a in font nullfont!
Missing character: There is no b in font nullfont!
Missing character: There is no l in font nullfont!
Missing character: There is no e in font nullfont!
Missing character: There is no o in font nullfont!
Missing character: There is no f in font nullfont!
Missing character: There is no g in font nullfont!
Missing character: There is no e in font nullfont!
Missing character: There is no n in font nullfont!
Missing character: There is no e in font nullfont!
Missing character: There is no r in font nullfont!
Missing character: There is no a in font nullfont!
Missing character: There is no l in font nullfont!
Missing character: There is no i in font nullfont!
Missing character: There is no z in font nullfont!
Missing character: There is no a in font nullfont!
Missing character: There is no t in font nullfont!
Missing character: There is no i in font nullfont!
Missing character: There is no o in font nullfont!
Missing character: There is no n in font nullfont!
Missing character: There is no a in font nullfont!
Missing character: There is no c in font nullfont!
Missing character: There is no r in font nullfont!
Missing character: There is no o in font nullfont!
Missing character: There is no s in font nullfont!
Missing character: There is no s in font nullfont!
Missing character: There is no a in font nullfont!
Missing character: There is no w in font nullfont!
Missing character: There is no i in font nullfont!
Missing character: There is no d in font nullfont!
Missing character: There is no e in font nullfont!
Missing character: There is no d in font nullfont!
Missing character: There is no o in font nullfont!
Missing character: There is no m in font nullfont!
Missing character: There is no a in font nullfont!
Missing character: There is no i in font nullfont!
Missing character: There is no n in font nullfont!
Missing character: There is no o in font nullfont!
Missing character: There is no f in font nullfont!
Missing character: There is no s in font nullfont!
Missing character: There is no y in font nullfont!
Missing character: There is no s in font nullfont!
Missing character: There is no t in font nullfont!
Missing character: There is no e in font nullfont!
Missing character: There is no m in font nullfont!
Missing character: There is no p in font nullfont!
Missing character: There is no a in font nullfont!
Missing character: There is no r in font nullfont!
Missing character: There is no a in font nullfont!
Missing character: There is no m in font nullfont!
Missing character: There is no e in font nullfont!
Missing character: There is no t in font nullfont!
Missing character: There is no e in font nullfont!
Missing character: There is no r in font nullfont!
Missing character: There is no s in font nullfont!
Missing character: There is no P in font nullfont!
Missing character: There is no , in font nullfont!
Missing character: There is no i in font nullfont!
Missing character: There is no n in font nullfont!
Missing character: There is no c in font nullfont!
Missing character: There is no l in font nullfont!
Missing character: There is no u in font nullfont!
Missing character: There is no d in font nullfont!
Missing character: There is no i in font nullfont!
Missing character: There is no n in font nullfont!
Missing character: There is no g in font nullfont!
Missing character: There is no : in font nullfont!

Overfull \hbox (20.0pt too wide) in paragraph at lines 16--18
[]
 []

Missing character: There is no V in font nullfont!
Missing character: There is no a in font nullfont!
Missing character: There is no r in font nullfont!
Missing character: There is no y in font nullfont!
Missing character: There is no i in font nullfont!
Missing character: There is no n in font nullfont!
Missing character: There is no g in font nullfont!
Missing character: There is no o in font nullfont!
Missing character: There is no b in font nullfont!
Missing character: There is no s in font nullfont!
Missing character: There is no t in font nullfont!
Missing character: There is no a in font nullfont!
Missing character: There is no c in font nullfont!
Missing character: There is no l in font nullfont!
Missing character: There is no e in font nullfont!
Missing character: There is no s in font nullfont!
Missing character: There is no h in font nullfont!
Missing character: There is no a in font nullfont!
Missing character: There is no p in font nullfont!
Missing character: There is no e in font nullfont!
Missing character: There is no s in font nullfont!
Missing character: There is no ( in font nullfont!
Missing character: There is no e in font nullfont!
Missing character: There is no . in font nullfont!
Missing character: There is no g in font nullfont!
Missing character: There is no . in font nullfont!
Missing character: There is no , in font nullfont!
Missing character: There is no a in font nullfont!
Missing character: There is no i in font nullfont!
Missing character: There is no r in font nullfont!
Missing character: There is no f in font nullfont!
Missing character: There is no o in font nullfont!
Missing character: There is no i in font nullfont!
Missing character: There is no l in font nullfont!
Missing character: There is no s in font nullfont!
Missing character: There is no , in font nullfont!
Missing character: There is no c in font nullfont!
Missing character: There is no y in font nullfont!
Missing character: There is no l in font nullfont!
Missing character: There is no i in font nullfont!
Missing character: There is no n in font nullfont!
Missing character: There is no d in font nullfont!
Missing character: There is no e in font nullfont!
Missing character: There is no r in font nullfont!
Missing character: There is no s in font nullfont!
Missing character: There is no ) in font nullfont!
Missing character: There is no a in font nullfont!
Missing character: There is no n in font nullfont!
Missing character: There is no d in font nullfont!
Missing character: There is no d in font nullfont!
Missing character: There is no o in font nullfont!
Missing character: There is no m in font nullfont!
Missing character: There is no a in font nullfont!
Missing character: There is no i in font nullfont!
Missing character: There is no n in font nullfont!
Missing character: There is no b in font nullfont!
Missing character: There is no o in font nullfont!
Missing character: There is no u in font nullfont!
Missing character: There is no n in font nullfont!
Missing character: There is no d in font nullfont!
Missing character: There is no a in font nullfont!
Missing character: There is no r in font nullfont!
Missing character: There is no i in font nullfont!
Missing character: There is no e in font nullfont!
Missing character: There is no s in font nullfont!
Missing character: There is no . in font nullfont!

Overfull \hbox (52.4303pt too wide) in paragraph at lines 19--20
\OT1/cmr/bx/n/10 Geometric
 []


Overfull \hbox (24.27765pt too wide) in paragraph at lines 19--20
\OT1/cmr/bx/n/10 Con-
 []


Overfull \hbox (40.80113pt too wide) in paragraph at lines 19--20
\OT1/cmr/bx/n/10 straints:
 []


! LaTeX Error: Unicode character ​ (U+200B)
               not set up for use with LaTeX.

See the LaTeX manual or LaTeX Companion for explanation.
Type  H <return>  for immediate help.
 ...                                              
                                                  
l.20 	\item \textbf{Inflow Conditions (uin​):}
                                                 Diverse velocities and boun...

You may provide a definition with
\DeclareUnicodeCharacter 

Missing character: There is no D in font nullfont!
Missing character: There is no i in font nullfont!
Missing character: There is no v in font nullfont!
Missing character: There is no e in font nullfont!
Missing character: There is no r in font nullfont!
Missing character: There is no s in font nullfont!
Missing character: There is no e in font nullfont!
Missing character: There is no v in font nullfont!
Missing character: There is no e in font nullfont!
Missing character: There is no l in font nullfont!
Missing character: There is no o in font nullfont!
Missing character: There is no c in font nullfont!
Missing character: There is no i in font nullfont!
Missing character: There is no t in font nullfont!
Missing character: There is no i in font nullfont!
Missing character: There is no e in font nullfont!
Missing character: There is no s in font nullfont!
Missing character: There is no a in font nullfont!
Missing character: There is no n in font nullfont!
Missing character: There is no d in font nullfont!
Missing character: There is no b in font nullfont!
Missing character: There is no o in font nullfont!
Missing character: There is no u in font nullfont!
Missing character: There is no n in font nullfont!
Missing character: There is no d in font nullfont!
Missing character: There is no a in font nullfont!
Missing character: There is no r in font nullfont!
Missing character: There is no y in font nullfont!
Missing character: There is no l in font nullfont!
Missing character: There is no a in font nullfont!
Missing character: There is no y in font nullfont!
Missing character: There is no e in font nullfont!
Missing character: There is no r in font nullfont!
Missing character: There is no s in font nullfont!
Missing character: There is no p in font nullfont!
Missing character: There is no e in font nullfont!
Missing character: There is no c in font nullfont!
Missing character: There is no i in font nullfont!
Missing character: There is no f in font nullfont!
Missing character: There is no i in font nullfont!
Missing character: There is no c in font nullfont!
Missing character: There is no a in font nullfont!
Missing character: There is no t in font nullfont!
Missing character: There is no i in font nullfont!
Missing character: There is no o in font nullfont!
Missing character: There is no n in font nullfont!
Missing character: There is no s in font nullfont!
Missing character: There is no . in font nullfont!

Overfull \hbox (30.87483pt too wide) in paragraph at lines 20--21
\OT1/cmr/bx/n/10 Inflow
 []


Overfull \hbox (24.27765pt too wide) in paragraph at lines 20--21
\OT1/cmr/bx/n/10 Con-
 []


Overfull \hbox (13.4166pt too wide) in paragraph at lines 20--21
\OT1/cmr/bx/n/10 di-
 []


Overfull \hbox (24.34152pt too wide) in paragraph at lines 20--21
\OT1/cmr/bx/n/10 tions
 []


Overfull \hbox (28.11096pt too wide) in paragraph at lines 20--21
\OT1/cmr/bx/n/10 (uin):
 []


! LaTeX Error: Unicode character ν (U+03BD)
               not set up for use with LaTeX.

See the LaTeX manual or LaTeX Companion for explanation.
Type  H <return>  for immediate help.
 ...                                              
                                                  
l.21 	\item \textbf{Viscosity (ν):}
                                     Parameterized flow regimes spanning lam...

You may provide a definition with
\DeclareUnicodeCharacter 

Missing character: There is no P in font nullfont!
Missing character: There is no a in font nullfont!
Missing character: There is no r in font nullfont!
Missing character: There is no a in font nullfont!
Missing character: There is no m in font nullfont!
Missing character: There is no e in font nullfont!
Missing character: There is no t in font nullfont!
Missing character: There is no e in font nullfont!
Missing character: There is no r in font nullfont!
Missing character: There is no i in font nullfont!
Missing character: There is no z in font nullfont!
Missing character: There is no e in font nullfont!
Missing character: There is no d in font nullfont!
Missing character: There is no f in font nullfont!
Missing character: There is no l in font nullfont!
Missing character: There is no o in font nullfont!
Missing character: There is no w in font nullfont!
Missing character: There is no r in font nullfont!
Missing character: There is no e in font nullfont!
Missing character: There is no g in font nullfont!
Missing character: There is no i in font nullfont!
Missing character: There is no m in font nullfont!
Missing character: There is no e in font nullfont!
Missing character: There is no s in font nullfont!
Missing character: There is no s in font nullfont!
Missing character: There is no p in font nullfont!
Missing character: There is no a in font nullfont!
Missing character: There is no n in font nullfont!
Missing character: There is no n in font nullfont!
Missing character: There is no i in font nullfont!
Missing character: There is no n in font nullfont!
Missing character: There is no g in font nullfont!
Missing character: There is no l in font nullfont!
Missing character: There is no a in font nullfont!
Missing character: There is no m in font nullfont!
Missing character: There is no i in font nullfont!
Missing character: There is no n in font nullfont!
Missing character: There is no a in font nullfont!
Missing character: There is no r in font nullfont!
Missing character: There is no ( in font nullfont!
Missing character: There is no R in font nullfont!
Missing character: There is no e in font nullfont!

! LaTeX Error: Unicode character ∼ (U+223C)
               not set up for use with LaTeX.

See the LaTeX manual or LaTeX Companion for explanation.
Type  H <return>  for immediate help.
 ...                                              
                                                  
l.21 ...rized flow regimes spanning laminar (Re∼
                                                  102) to highly turbulent (...

You may provide a definition with
\DeclareUnicodeCharacter 

Missing character: There is no 1 in font nullfont!
Missing character: There is no 0 in font nullfont!
Missing character: There is no 2 in font nullfont!
Missing character: There is no ) in font nullfont!
Missing character: There is no t in font nullfont!
Missing character: There is no o in font nullfont!
Missing character: There is no h in font nullfont!
Missing character: There is no i in font nullfont!
Missing character: There is no g in font nullfont!
Missing character: There is no h in font nullfont!
Missing character: There is no l in font nullfont!
Missing character: There is no y in font nullfont!
Missing character: There is no t in font nullfont!
Missing character: There is no u in font nullfont!
Missing character: There is no r in font nullfont!
Missing character: There is no b in font nullfont!
Missing character: There is no u in font nullfont!
Missing character: There is no l in font nullfont!
Missing character: There is no e in font nullfont!
Missing character: There is no n in font nullfont!
Missing character: There is no t in font nullfont!
Missing character: There is no ( in font nullfont!
Missing character: There is no R in font nullfont!
Missing character: There is no e in font nullfont!

! LaTeX Error: Unicode character ∼ (U+223C)
               not set up for use with LaTeX.

See the LaTeX manual or LaTeX Companion for explanation.
Type  H <return>  for immediate help.
 ...                                              
                                                  
l.21 ...inar (Re∼102) to highly turbulent (Re∼
                                                  105).
You may provide a definition with
\DeclareUnicodeCharacter 

Missing character: There is no 1 in font nullfont!
Missing character: There is no 0 in font nullfont!
Missing character: There is no 5 in font nullfont!
Missing character: There is no ) in font nullfont!
Missing character: There is no . in font nullfont!

Overfull \hbox (45.23862pt too wide) in paragraph at lines 21--22
\OT1/cmr/bx/n/10 Viscosity
 []


Overfull \hbox (12.13882pt too wide) in paragraph at lines 21--22
\OT1/cmr/bx/n/10 ():
 []

Missing character: There is no T in font nullfont!
Missing character: There is no h in font nullfont!
Missing character: There is no e in font nullfont!
Missing character: There is no m in font nullfont!
Missing character: There is no o in font nullfont!
Missing character: There is no d in font nullfont!
Missing character: There is no e in font nullfont!
Missing character: There is no l in font nullfont!
Missing character: There is no i in font nullfont!
Missing character: There is no s in font nullfont!
Missing character: There is no f in font nullfont!
Missing character: There is no o in font nullfont!
Missing character: There is no r in font nullfont!
Missing character: There is no m in font nullfont!
Missing character: There is no u in font nullfont!
Missing character: There is no l in font nullfont!
Missing character: There is no a in font nullfont!
Missing character: There is no t in font nullfont!
Missing character: There is no e in font nullfont!
Missing character: There is no d in font nullfont!
Missing character: There is no a in font nullfont!
Missing character: There is no s in font nullfont!
Missing character: There is no a in font nullfont!
Missing character: There is no m in font nullfont!
Missing character: There is no a in font nullfont!
Missing character: There is no p in font nullfont!
Missing character: There is no p in font nullfont!
Missing character: There is no i in font nullfont!
Missing character: There is no n in font nullfont!
Missing character: There is no g in font nullfont!
Missing character: There is no F in font nullfont!
Missing character: There is no : in font nullfont!
Missing character: There is no U in font nullfont!
Missing character: There is no t in font nullfont!

! LaTeX Error: Unicode character ​ (U+200B)
               not set up for use with LaTeX.

See the LaTeX manual or LaTeX Companion for explanation.
Type  H <return>  for immediate help.
 ...                                              
                                                  
l.23 The model is formulated as a mapping F:Ut​
                                                 ×P→Ut+Δt​, where U is...

You may provide a definition with
\DeclareUnicodeCharacter 

Missing character: There is no P in font nullfont!
Missing character: There is no U in font nullfont!
Missing character: There is no t in font nullfont!
Missing character: There is no + in font nullfont!

! LaTeX Error: Unicode character Δ (U+0394)
               not set up for use with LaTeX.

See the LaTeX manual or LaTeX Companion for explanation.
Type  H <return>  for immediate help.
 ...                                              
                                                  
l.23 ...formulated as a mapping F:Ut​×P→Ut+Δ
                                                  t​, where U is the discr...

You may provide a definition with
\DeclareUnicodeCharacter 

Missing character: There is no t in font nullfont!

! LaTeX Error: Unicode character ​ (U+200B)
               not set up for use with LaTeX.

See the LaTeX manual or LaTeX Companion for explanation.
Type  H <return>  for immediate help.
 ...                                              
                                                  
l.23 ...ulated as a mapping F:Ut​×P→Ut+Δt​
                                                  , where U is the discrete,...

You may provide a definition with
\DeclareUnicodeCharacter 

Missing character: There is no , in font nullfont!
Missing character: There is no w in font nullfont!
Missing character: There is no h in font nullfont!
Missing character: There is no e in font nullfont!
Missing character: There is no r in font nullfont!
Missing character: There is no e in font nullfont!
Missing character: There is no U in font nullfont!
Missing character: There is no i in font nullfont!
Missing character: There is no s in font nullfont!
Missing character: There is no t in font nullfont!
Missing character: There is no h in font nullfont!
Missing character: There is no e in font nullfont!
Missing character: There is no d in font nullfont!
Missing character: There is no i in font nullfont!
Missing character: There is no s in font nullfont!
Missing character: There is no c in font nullfont!
Missing character: There is no r in font nullfont!
Missing character: There is no e in font nullfont!
Missing character: There is no t in font nullfont!
Missing character: There is no e in font nullfont!
Missing character: There is no , in font nullfont!
Missing character: There is no g in font nullfont!
Missing character: There is no r in font nullfont!
Missing character: There is no i in font nullfont!
Missing character: There is no d in font nullfont!
Missing character: There is no d in font nullfont!
Missing character: There is no e in font nullfont!
Missing character: There is no d in font nullfont!
Missing character: There is no s in font nullfont!
Missing character: There is no t in font nullfont!
Missing character: There is no a in font nullfont!
Missing character: There is no t in font nullfont!
Missing character: There is no e in font nullfont!
Missing character: There is no t in font nullfont!
Missing character: There is no e in font nullfont!
Missing character: There is no n in font nullfont!
Missing character: There is no s in font nullfont!
Missing character: There is no o in font nullfont!
Missing character: There is no r in font nullfont!
Missing character: There is no o in font nullfont!
Missing character: There is no f in font nullfont!
Missing character: There is no ( in font nullfont!
Missing character: There is no u in font nullfont!
Missing character: There is no , in font nullfont!
Missing character: There is no P in font nullfont!
Missing character: There is no ) in font nullfont!
Missing character: There is no a in font nullfont!
Missing character: There is no n in font nullfont!
Missing character: There is no d in font nullfont!
Missing character: There is no P in font nullfont!
Missing character: There is no i in font nullfont!
Missing character: There is no s in font nullfont!
Missing character: There is no a in font nullfont!
Missing character: There is no n in font nullfont!
Missing character: There is no e in font nullfont!
Missing character: There is no m in font nullfont!
Missing character: There is no b in font nullfont!
Missing character: There is no e in font nullfont!
Missing character: There is no d in font nullfont!
Missing character: There is no d in font nullfont!
Missing character: There is no i in font nullfont!
Missing character: There is no n in font nullfont!
Missing character: There is no g in font nullfont!
Missing character: There is no o in font nullfont!
Missing character: There is no f in font nullfont!
Missing character: There is no t in font nullfont!
Missing character: There is no h in font nullfont!
Missing character: There is no e in font nullfont!
Missing character: There is no n in font nullfont!
Missing character: There is no o in font nullfont!
Missing character: There is no n in font nullfont!
Missing character: There is no - in font nullfont!
Missing character: There is no s in font nullfont!
Missing character: There is no p in font nullfont!
Missing character: There is no a in font nullfont!
Missing character: There is no t in font nullfont!
Missing character: There is no i in font nullfont!
Missing character: There is no a in font nullfont!
Missing character: There is no l in font nullfont!
Missing character: There is no s in font nullfont!
Missing character: There is no y in font nullfont!
Missing character: There is no s in font nullfont!
Missing character: There is no t in font nullfont!
Missing character: There is no e in font nullfont!
Missing character: There is no m in font nullfont!
Missing character: There is no p in font nullfont!
Missing character: There is no a in font nullfont!
Missing character: There is no r in font nullfont!
Missing character: There is no a in font nullfont!
Missing character: There is no m in font nullfont!
Missing character: There is no e in font nullfont!
Missing character: There is no t in font nullfont!
Missing character: There is no e in font nullfont!
Missing character: There is no r in font nullfont!
Missing character: There is no s in font nullfont!
Missing character: There is no . in font nullfont!

Overfull \hbox (17.77344pt too wide) in paragraph at lines 23--24
       \TS1/cmr/m/n/10 �^^Y
 []

! Undefined control sequence.
l.25 \section
             {The Temporal Stability Problem}
The control sequence at the end of the top line
of your error message was never \def'ed. If you have
misspelled it (e.g., `\hobx'), type `I' and the correct
spelling (e.g., `I\hbox'). Otherwise just continue,
and I'll forget about whatever was undefined.

Missing character: There is no T in font nullfont!
Missing character: There is no h in font nullfont!
Missing character: There is no e in font nullfont!
Missing character: There is no T in font nullfont!
Missing character: There is no e in font nullfont!
Missing character: There is no m in font nullfont!
Missing character: There is no p in font nullfont!
Missing character: There is no o in font nullfont!
Missing character: There is no r in font nullfont!
Missing character: There is no a in font nullfont!
Missing character: There is no l in font nullfont!
Missing character: There is no S in font nullfont!
Missing character: There is no t in font nullfont!
Missing character: There is no a in font nullfont!
Missing character: There is no b in font nullfont!
Missing character: There is no i in font nullfont!
Missing character: There is no l in font nullfont!
Missing character: There is no i in font nullfont!
Missing character: There is no t in font nullfont!
Missing character: There is no y in font nullfont!
Missing character: There is no P in font nullfont!
Missing character: There is no r in font nullfont!
Missing character: There is no o in font nullfont!
Missing character: There is no b in font nullfont!
Missing character: There is no l in font nullfont!
Missing character: There is no e in font nullfont!
Missing character: There is no m in font nullfont!

Overfull \hbox (20.0pt too wide) in paragraph at lines 25--26
[]
 []

Missing character: There is no T in font nullfont!
Missing character: There is no h in font nullfont!
Missing character: There is no e in font nullfont!
Missing character: There is no f in font nullfont!
Missing character: There is no u in font nullfont!
Missing character: There is no n in font nullfont!
Missing character: There is no d in font nullfont!
Missing character: There is no a in font nullfont!
Missing character: There is no m in font nullfont!
Missing character: There is no e in font nullfont!
Missing character: There is no n in font nullfont!
Missing character: There is no t in font nullfont!
Missing character: There is no a in font nullfont!
Missing character: There is no l in font nullfont!
Missing character: There is no p in font nullfont!
Missing character: There is no r in font nullfont!
Missing character: There is no o in font nullfont!
Missing character: There is no b in font nullfont!
Missing character: There is no l in font nullfont!
Missing character: There is no e in font nullfont!
Missing character: There is no m in font nullfont!
Missing character: There is no a in font nullfont!
Missing character: There is no d in font nullfont!
Missing character: There is no d in font nullfont!
Missing character: There is no r in font nullfont!
Missing character: There is no e in font nullfont!
Missing character: There is no s in font nullfont!
Missing character: There is no s in font nullfont!
Missing character: There is no e in font nullfont!
Missing character: There is no d in font nullfont!
Missing character: There is no i in font nullfont!
Missing character: There is no s in font nullfont!
Missing character: There is no t in font nullfont!
Missing character: There is no h in font nullfont!
Missing character: There is no e in font nullfont!
Missing character: There is no i in font nullfont!
Missing character: There is no n in font nullfont!
Missing character: There is no h in font nullfont!
Missing character: There is no e in font nullfont!
Missing character: There is no r in font nullfont!
Missing character: There is no e in font nullfont!
Missing character: There is no n in font nullfont!
Missing character: There is no t in font nullfont!
Missing character: There is no i in font nullfont!
Missing character: There is no n in font nullfont!
Missing character: There is no s in font nullfont!
Missing character: There is no t in font nullfont!
Missing character: There is no a in font nullfont!
Missing character: There is no b in font nullfont!
Missing character: There is no i in font nullfont!
Missing character: There is no l in font nullfont!
Missing character: There is no i in font nullfont!
Missing character: There is no t in font nullfont!
Missing character: There is no y in font nullfont!
Missing character: There is no o in font nullfont!
Missing character: There is no f in font nullfont!
Missing character: There is no c in font nullfont!
Missing character: There is no o in font nullfont!
Missing character: There is no n in font nullfont!
Missing character: There is no v in font nullfont!
Missing character: There is no e in font nullfont!
Missing character: There is no n in font nullfont!
Missing character: There is no t in font nullfont!
Missing character: There is no i in font nullfont!
Missing character: There is no o in font nullfont!
Missing character: There is no n in font nullfont!
Missing character: There is no a in font nullfont!
Missing character: There is no l in font nullfont!
Missing character: There is no d in font nullfont!
Missing character: There is no e in font nullfont!
Missing character: There is no t in font nullfont!
Missing character: There is no e in font nullfont!
Missing character: There is no r in font nullfont!
Missing character: There is no m in font nullfont!
Missing character: There is no i in font nullfont!
Missing character: There is no n in font nullfont!
Missing character: There is no i in font nullfont!
Missing character: There is no s in font nullfont!
Missing character: There is no t in font nullfont!
Missing character: There is no i in font nullfont!
Missing character: There is no c in font nullfont!
Missing character: There is no ( in font nullfont!
Missing character: There is no A in font nullfont!
Missing character: There is no u in font nullfont!
Missing character: There is no t in font nullfont!
Missing character: There is no o in font nullfont!
Missing character: There is no - in font nullfont!
Missing character: There is no R in font nullfont!
Missing character: There is no e in font nullfont!
Missing character: There is no g in font nullfont!
Missing character: There is no r in font nullfont!
Missing character: There is no e in font nullfont!
Missing character: There is no s in font nullfont!
Missing character: There is no s in font nullfont!
Missing character: There is no i in font nullfont!
Missing character: There is no v in font nullfont!
Missing character: There is no e in font nullfont!
Missing character: There is no ) in font nullfont!
Missing character: There is no A in font nullfont!
Missing character: There is no I in font nullfont!
Missing character: There is no s in font nullfont!
Missing character: There is no u in font nullfont!
Missing character: There is no r in font nullfont!
Missing character: There is no r in font nullfont!
Missing character: There is no o in font nullfont!
Missing character: There is no g in font nullfont!
Missing character: There is no a in font nullfont!
Missing character: There is no t in font nullfont!
Missing character: There is no e in font nullfont!
Missing character: There is no s in font nullfont!
Missing character: There is no i in font nullfont!
Missing character: There is no n in font nullfont!
Missing character: There is no s in font nullfont!
Missing character: There is no i in font nullfont!
Missing character: There is no m in font nullfont!
Missing character: There is no u in font nullfont!
Missing character: There is no l in font nullfont!
Missing character: There is no a in font nullfont!
Missing character: There is no t in font nullfont!
Missing character: There is no i in font nullfont!
Missing character: There is no n in font nullfont!
Missing character: There is no g in font nullfont!
Missing character: There is no c in font nullfont!
Missing character: There is no h in font nullfont!
Missing character: There is no a in font nullfont!
Missing character: There is no o in font nullfont!
Missing character: There is no t in font nullfont!
Missing character: There is no i in font nullfont!
Missing character: There is no c in font nullfont!
Missing character: There is no , in font nullfont!
Missing character: There is no h in font nullfont!
Missing character: There is no i in font nullfont!
Missing character: There is no g in font nullfont!
Missing character: There is no h in font nullfont!
Missing character: There is no - in font nullfont!
Missing character: There is no R in font nullfont!
Missing character: There is no e in font nullfont!
Missing character: There is no y in font nullfont!
Missing character: There is no n in font nullfont!
Missing character: There is no o in font nullfont!
Missing character: There is no l in font nullfont!
Missing character: There is no d in font nullfont!
Missing character: There is no s in font nullfont!
Missing character: There is no n in font nullfont!
Missing character: There is no u in font nullfont!
Missing character: There is no m in font nullfont!
Missing character: There is no b in font nullfont!
Missing character: There is no e in font nullfont!
Missing character: There is no r in font nullfont!
Missing character: There is no f in font nullfont!
Missing character: There is no l in font nullfont!
Missing character: There is no o in font nullfont!
Missing character: There is no w in font nullfont!
Missing character: There is no s in font nullfont!
Missing character: There is no o in font nullfont!
Missing character: There is no v in font nullfont!
Missing character: There is no e in font nullfont!
Missing character: There is no r in font nullfont!
Missing character: There is no e in font nullfont!
Missing character: There is no x in font nullfont!
Missing character: There is no t in font nullfont!
Missing character: There is no e in font nullfont!
Missing character: There is no n in font nullfont!
Missing character: There is no d in font nullfont!
Missing character: There is no e in font nullfont!
Missing character: There is no d in font nullfont!
Missing character: There is no t in font nullfont!
Missing character: There is no i in font nullfont!
Missing character: There is no m in font nullfont!
Missing character: There is no e in font nullfont!
Missing character: There is no h in font nullfont!
Missing character: There is no o in font nullfont!
Missing character: There is no r in font nullfont!
Missing character: There is no i in font nullfont!
Missing character: There is no z in font nullfont!
Missing character: There is no o in font nullfont!
Missing character: There is no n in font nullfont!
Missing character: There is no s in font nullfont!
Missing character: There is no . in font nullfont!

Overfull \hbox (20.0pt too wide) in paragraph at lines 27--28
[]
 []

! Undefined control sequence.
l.29 \subsection
                {Computational Objective: Minimizing Cumulative Error}
The control sequence at the end of the top line
of your error message was never \def'ed. If you have
misspelled it (e.g., `\hobx'), type `I' and the correct
spelling (e.g., `I\hbox'). Otherwise just continue,
and I'll forget about whatever was undefined.

Missing character: There is no C in font nullfont!
Missing character: There is no o in font nullfont!
Missing character: There is no m in font nullfont!
Missing character: There is no p in font nullfont!
Missing character: There is no u in font nullfont!
Missing character: There is no t in font nullfont!
Missing character: There is no a in font nullfont!
Missing character: There is no t in font nullfont!
Missing character: There is no i in font nullfont!
Missing character: There is no o in font nullfont!
Missing character: There is no n in font nullfont!
Missing character: There is no a in font nullfont!
Missing character: There is no l in font nullfont!
Missing character: There is no O in font nullfont!
Missing character: There is no b in font nullfont!
Missing character: There is no j in font nullfont!
Missing character: There is no e in font nullfont!
Missing character: There is no c in font nullfont!
Missing character: There is no t in font nullfont!
Missing character: There is no i in font nullfont!
Missing character: There is no v in font nullfont!
Missing character: There is no e in font nullfont!
Missing character: There is no : in font nullfont!
Missing character: There is no M in font nullfont!
Missing character: There is no i in font nullfont!
Missing character: There is no n in font nullfont!
Missing character: There is no i in font nullfont!
Missing character: There is no m in font nullfont!
Missing character: There is no i in font nullfont!
Missing character: There is no z in font nullfont!
Missing character: There is no i in font nullfont!
Missing character: There is no n in font nullfont!
Missing character: There is no g in font nullfont!
Missing character: There is no C in font nullfont!
Missing character: There is no u in font nullfont!
Missing character: There is no m in font nullfont!
Missing character: There is no u in font nullfont!
Missing character: There is no l in font nullfont!
Missing character: There is no a in font nullfont!
Missing character: There is no t in font nullfont!
Missing character: There is no i in font nullfont!
Missing character: There is no v in font nullfont!
Missing character: There is no e in font nullfont!
Missing character: There is no E in font nullfont!
Missing character: There is no r in font nullfont!
Missing character: There is no r in font nullfont!
Missing character: There is no o in font nullfont!
Missing character: There is no r in font nullfont!
Missing character: There is no G in font nullfont!
Missing character: There is no i in font nullfont!
Missing character: There is no v in font nullfont!
Missing character: There is no e in font nullfont!
Missing character: There is no n in font nullfont!
Missing character: There is no a in font nullfont!
Missing character: There is no n in font nullfont!
Missing character: There is no a in font nullfont!
Missing character: There is no r in font nullfont!
Missing character: There is no b in font nullfont!
Missing character: There is no i in font nullfont!
Missing character: There is no t in font nullfont!
Missing character: There is no r in font nullfont!
Missing character: There is no a in font nullfont!
Missing character: There is no r in font nullfont!
Missing character: There is no y in font nullfont!
Missing character: There is no i in font nullfont!
Missing character: There is no n in font nullfont!
Missing character: There is no i in font nullfont!
Missing character: There is no t in font nullfont!
Missing character: There is no i in font nullfont!
Missing character: There is no a in font nullfont!
Missing character: There is no l in font nullfont!
Missing character: There is no s in font nullfont!
Missing character: There is no t in font nullfont!
Missing character: There is no a in font nullfont!
Missing character: There is no t in font nullfont!
Missing character: There is no e in font nullfont!
Missing character: There is no U in font nullfont!
Missing character: There is no 0 in font nullfont!

! LaTeX Error: Unicode character ​ (U+200B)
               not set up for use with LaTeX.

See the LaTeX manual or LaTeX Companion for explanation.
Type  H <return>  for immediate help.
 ...                                              
                                                  
l.30 Given an arbitrary initial state U0​
                                            and system parameters P, the pre...

You may provide a definition with
\DeclareUnicodeCharacter 

Missing character: There is no a in font nullfont!
Missing character: There is no n in font nullfont!
Missing character: There is no d in font nullfont!
Missing character: There is no s in font nullfont!
Missing character: There is no y in font nullfont!
Missing character: There is no s in font nullfont!
Missing character: There is no t in font nullfont!
Missing character: There is no e in font nullfont!
Missing character: There is no m in font nullfont!
Missing character: There is no p in font nullfont!
Missing character: There is no a in font nullfont!
Missing character: There is no r in font nullfont!
Missing character: There is no a in font nullfont!
Missing character: There is no m in font nullfont!
Missing character: There is no e in font nullfont!
Missing character: There is no t in font nullfont!
Missing character: There is no e in font nullfont!
Missing character: There is no r in font nullfont!
Missing character: There is no s in font nullfont!
Missing character: There is no P in font nullfont!
Missing character: There is no , in font nullfont!
Missing character: There is no t in font nullfont!
Missing character: There is no h in font nullfont!
Missing character: There is no e in font nullfont!
Missing character: There is no p in font nullfont!
Missing character: There is no r in font nullfont!
Missing character: There is no e in font nullfont!
Missing character: There is no d in font nullfont!
Missing character: There is no i in font nullfont!
Missing character: There is no c in font nullfont!
Missing character: There is no t in font nullfont!
Missing character: There is no i in font nullfont!
Missing character: There is no o in font nullfont!
Missing character: There is no n in font nullfont!
Missing character: There is no t in font nullfont!
Missing character: There is no a in font nullfont!
Missing character: There is no s in font nullfont!
Missing character: There is no k in font nullfont!
Missing character: There is no i in font nullfont!
Missing character: There is no s in font nullfont!
Missing character: There is no t in font nullfont!
Missing character: There is no o in font nullfont!
Missing character: There is no g in font nullfont!
Missing character: There is no e in font nullfont!
Missing character: There is no n in font nullfont!
Missing character: There is no e in font nullfont!
Missing character: There is no r in font nullfont!
Missing character: There is no a in font nullfont!
Missing character: There is no t in font nullfont!
Missing character: There is no e in font nullfont!
Missing character: There is no a in font nullfont!
Missing character: There is no s in font nullfont!
Missing character: There is no e in font nullfont!
Missing character: There is no q in font nullfont!
Missing character: There is no u in font nullfont!
Missing character: There is no e in font nullfont!
Missing character: There is no n in font nullfont!
Missing character: There is no c in font nullfont!
Missing character: There is no e in font nullfont!
Missing character: There is no o in font nullfont!
Missing character: There is no f in font nullfont!
Missing character: There is no s in font nullfont!
Missing character: There is no t in font nullfont!
Missing character: There is no a in font nullfont!
Missing character: There is no t in font nullfont!
Missing character: There is no e in font nullfont!
Missing character: There is no s in font nullfont!
Missing character: There is no U in font nullfont!
! Missing $ inserted.
<inserted text> 
                $
l.30 ...ask is to generate a sequence of states U^
                                                  1​,U^2​,…,U^N​ tha...
I've inserted a begin-math/end-math symbol since I think
you left one out. Proceed, with fingers crossed.


! LaTeX Error: Unicode character ​ (U+200B)
               not set up for use with LaTeX.

See the LaTeX manual or LaTeX Companion for explanation.
Type  H <return>  for immediate help.
 ...                                              
                                                  
l.30 ...is to generate a sequence of states U^1​
                                                  ,U^2​,…,U^N​ that ac...

You may provide a definition with
\DeclareUnicodeCharacter 


! LaTeX Error: Unicode character ​ (U+200B)
               not set up for use with LaTeX.

See the LaTeX manual or LaTeX Companion for explanation.
Type  H <return>  for immediate help.
 ...                                              
                                                  
l.30 ...enerate a sequence of states U^1​,U^2​
                                                  ,…,U^N​ that accuratel...

You may provide a definition with
\DeclareUnicodeCharacter 


LaTeX Warning: Command \textellipsis invalid in math mode on input line 30.


! LaTeX Error: Unicode character ​ (U+200B)
               not set up for use with LaTeX.

See the LaTeX manual or LaTeX Companion for explanation.
Type  H <return>  for immediate help.
 ...                                              
                                                  
l.30 ...equence of states U^1​,U^2​,…,U^N​
                                                   that accurately approxima...

You may provide a definition with
\DeclareUnicodeCharacter 


! LaTeX Error: Unicode character ​ (U+200B)
               not set up for use with LaTeX.

See the LaTeX manual or LaTeX Companion for explanation.
Type  H <return>  for immediate help.
 ...                                              
                                                  
l.30 ...approximates the ground truth states U1​
                                                  ,U2​,…,UN​.
You may provide a definition with
\DeclareUnicodeCharacter 


! LaTeX Error: Unicode character ​ (U+200B)
               not set up for use with LaTeX.

See the LaTeX manual or LaTeX Companion for explanation.
Type  H <return>  for immediate help.
 ...                                              
                                                  
l.30 ...imates the ground truth states U1​,U2​
                                                  ,…,UN​.
You may provide a definition with
\DeclareUnicodeCharacter 


LaTeX Warning: Command \textellipsis invalid in math mode on input line 30.


! LaTeX Error: Unicode character ​ (U+200B)
               not set up for use with LaTeX.

See the LaTeX manual or LaTeX Companion for explanation.
Type  H <return>  for immediate help.
 ...                                              
                                                  
l.30 ... ground truth states U1​,U2​,…,UN​
                                                  .
You may provide a definition with
\DeclareUnicodeCharacter 

! Missing $ inserted.
<inserted text> 
                $
l.31 
     
I've inserted a begin-math/end-math symbol since I think
you left one out. Proceed, with fingers crossed.


Overfull \hbox (20.0pt too wide) in paragraph at lines 29--31
[]
 []


Overfull \hbox (342.4769pt too wide) in paragraph at lines 29--31
[]\OML/cmm/m/it/10 ; U[]; :::; U[]thataccuratelyapproximatesthegroundtruthstate
sU\OT1/cmr/m/n/10 1\OML/cmm/m/it/10 ; U\OT1/cmr/m/n/10 2\OML/cmm/m/it/10 ; :::;
 UN:$ 
 []

Missing character: There is no T in font nullfont!
Missing character: There is no h in font nullfont!
Missing character: There is no e in font nullfont!
Missing character: There is no d in font nullfont!
Missing character: There is no e in font nullfont!
Missing character: There is no t in font nullfont!
Missing character: There is no e in font nullfont!
Missing character: There is no r in font nullfont!
Missing character: There is no m in font nullfont!
Missing character: There is no i in font nullfont!
Missing character: There is no n in font nullfont!
Missing character: There is no i in font nullfont!
Missing character: There is no s in font nullfont!
Missing character: There is no t in font nullfont!
Missing character: There is no i in font nullfont!
Missing character: There is no c in font nullfont!
Missing character: There is no a in font nullfont!
Missing character: There is no u in font nullfont!
Missing character: There is no t in font nullfont!
Missing character: There is no o in font nullfont!
Missing character: There is no r in font nullfont!
Missing character: There is no e in font nullfont!
Missing character: There is no g in font nullfont!
Missing character: There is no r in font nullfont!
Missing character: There is no e in font nullfont!
Missing character: There is no s in font nullfont!
Missing character: There is no s in font nullfont!
Missing character: There is no i in font nullfont!
Missing character: There is no v in font nullfont!
Missing character: There is no e in font nullfont!
Missing character: There is no a in font nullfont!
Missing character: There is no p in font nullfont!
Missing character: There is no p in font nullfont!
Missing character: There is no r in font nullfont!
Missing character: There is no o in font nullfont!
Missing character: There is no a in font nullfont!
Missing character: There is no c in font nullfont!
Missing character: There is no h in font nullfont!
Missing character: There is no m in font nullfont!
Missing character: There is no i in font nullfont!
Missing character: There is no n in font nullfont!
Missing character: There is no i in font nullfont!
Missing character: There is no m in font nullfont!
Missing character: There is no i in font nullfont!
Missing character: There is no z in font nullfont!
Missing character: There is no e in font nullfont!
Missing character: There is no s in font nullfont!
Missing character: There is no t in font nullfont!
Missing character: There is no h in font nullfont!
Missing character: There is no e in font nullfont!
Missing character: There is no L in font nullfont!
Missing character: There is no 2 in font nullfont!

! LaTeX Error: Unicode character ​ (U+200B)
               not set up for use with LaTeX.

See the LaTeX manual or LaTeX Companion for explanation.
Type  H <return>  for immediate help.
 ...                                              
                                                  
l.32 ...utoregressive approach minimizes the L2​
                                                   loss at each step:
You may provide a definition with
\DeclareUnicodeCharacter 

Missing character: There is no l in font nullfont!
Missing character: There is no o in font nullfont!
Missing character: There is no s in font nullfont!
Missing character: There is no s in font nullfont!
Missing character: There is no a in font nullfont!
Missing character: There is no t in font nullfont!
Missing character: There is no e in font nullfont!
Missing character: There is no a in font nullfont!
Missing character: There is no c in font nullfont!
Missing character: There is no h in font nullfont!
Missing character: There is no s in font nullfont!
Missing character: There is no t in font nullfont!
Missing character: There is no e in font nullfont!
Missing character: There is no p in font nullfont!
Missing character: There is no : in font nullfont!

Overfull \hbox (20.0pt too wide) in paragraph at lines 32--33
[]
 []

! Undefined control sequence.
l.33 $$ \mathcal{L}{\text
                         {AR}} = \sum{t=0}^{N-1} | F_{\theta}(\mathbf{U}{t},...
The control sequence at the end of the top line
of your error message was never \def'ed. If you have
misspelled it (e.g., `\hobx'), type `I' and the correct
spelling (e.g., `I\hbox'). Otherwise just continue,
and I'll forget about whatever was undefined.


Overfull \hbox (194.21777pt too wide) detected at line 33
\OMS/cmsy/m/n/10 L[] \OT1/cmr/m/n/10 = [] [][]\OMS/cmsy/m/n/10 j\OML/cmm/m/it/1
0 F[]\OT1/cmr/m/n/10 (\OT1/cmr/bx/n/10 U\OML/cmm/m/it/10 t; \OT1/cmr/bx/n/10 P\
OT1/cmr/m/n/10 ) \OMS/cmsy/m/n/10 ^^@ \OT1/cmr/bx/n/10 U[]\OMS/cmsy/m/n/10 j\OT
1/cmr/m/n/10 2[]
 []

Missing character: There is no H in font nullfont!
Missing character: There is no o in font nullfont!
Missing character: There is no w in font nullfont!
Missing character: There is no e in font nullfont!
Missing character: There is no v in font nullfont!
Missing character: There is no e in font nullfont!
Missing character: There is no r in font nullfont!
Missing character: There is no , in font nullfont!
Missing character: There is no t in font nullfont!
Missing character: There is no h in font nullfont!
Missing character: There is no e in font nullfont!
Missing character: There is no a in font nullfont!
Missing character: There is no c in font nullfont!
Missing character: There is no t in font nullfont!
Missing character: There is no u in font nullfont!
Missing character: There is no a in font nullfont!
Missing character: There is no l in font nullfont!
Missing character: There is no d in font nullfont!
Missing character: There is no e in font nullfont!
Missing character: There is no p in font nullfont!
Missing character: There is no l in font nullfont!
Missing character: There is no o in font nullfont!
Missing character: There is no y in font nullfont!
Missing character: There is no m in font nullfont!
Missing character: There is no e in font nullfont!
Missing character: There is no n in font nullfont!
Missing character: There is no t in font nullfont!
Missing character: There is no r in font nullfont!
Missing character: There is no e in font nullfont!
Missing character: There is no l in font nullfont!
Missing character: There is no i in font nullfont!
Missing character: There is no e in font nullfont!
Missing character: There is no s in font nullfont!
Missing character: There is no o in font nullfont!
Missing character: There is no n in font nullfont!
Missing character: There is no t in font nullfont!
Missing character: There is no h in font nullfont!
Missing character: There is no e in font nullfont!
Missing character: There is no p in font nullfont!
Missing character: There is no r in font nullfont!
Missing character: There is no o in font nullfont!
Missing character: There is no p in font nullfont!
Missing character: There is no a in font nullfont!
Missing character: There is no g in font nullfont!
Missing character: There is no a in font nullfont!
Missing character: There is no t in font nullfont!
Missing character: There is no e in font nullfont!
Missing character: There is no d in font nullfont!
Missing character: There is no s in font nullfont!
Missing character: There is no t in font nullfont!
Missing character: There is no a in font nullfont!
Missing character: There is no t in font nullfont!
Missing character: There is no e in font nullfont!
Missing character: There is no : in font nullfont!
Missing character: There is no . in font nullfont!
Missing character: There is no T in font nullfont!
Missing character: There is no h in font nullfont!
Missing character: There is no e in font nullfont!
Missing character: There is no p in font nullfont!
Missing character: There is no r in font nullfont!
Missing character: There is no o in font nullfont!
Missing character: There is no b in font nullfont!
Missing character: There is no l in font nullfont!
Missing character: There is no e in font nullfont!
Missing character: There is no m in font nullfont!
Missing character: There is no o in font nullfont!
Missing character: There is no f in font nullfont!
Missing character: There is no i in font nullfont!
Missing character: There is no s in font nullfont!
Missing character: There is no d in font nullfont!
Missing character: There is no e in font nullfont!
Missing character: There is no f in font nullfont!
Missing character: There is no i in font nullfont!
Missing character: There is no n in font nullfont!
Missing character: There is no e in font nullfont!
Missing character: There is no d in font nullfont!
Missing character: There is no a in font nullfont!
Missing character: There is no s in font nullfont!
Missing character: There is no t in font nullfont!
Missing character: There is no h in font nullfont!
Missing character: There is no e in font nullfont!
Missing character: There is no r in font nullfont!
Missing character: There is no a in font nullfont!
Missing character: There is no p in font nullfont!
Missing character: There is no i in font nullfont!
Missing character: There is no d in font nullfont!
Missing character: There is no d in font nullfont!
Missing character: There is no i in font nullfont!
Missing character: There is no v in font nullfont!
Missing character: There is no e in font nullfont!
Missing character: There is no r in font nullfont!
Missing character: There is no g in font nullfont!
Missing character: There is no e in font nullfont!
Missing character: There is no n in font nullfont!
Missing character: There is no c in font nullfont!
Missing character: There is no e in font nullfont!
Missing character: There is no o in font nullfont!
Missing character: There is no f in font nullfont!
Missing character: There is no t in font nullfont!
Missing character: There is no h in font nullfont!
Missing character: There is no e in font nullfont!
Missing character: There is no r in font nullfont!
Missing character: There is no o in font nullfont!
Missing character: There is no l in font nullfont!
Missing character: There is no l in font nullfont!
Missing character: There is no o in font nullfont!
Missing character: There is no u in font nullfont!
Missing character: There is no t in font nullfont!
Missing character: There is no e in font nullfont!
Missing character: There is no r in font nullfont!
Missing character: There is no r in font nullfont!
Missing character: There is no o in font nullfont!
Missing character: There is no r in font nullfont!
! Undefined control sequence.
l.34 ...d divergence of the rollout error $E{\text
                                                  {rollout}}(N)$ as N increa...
The control sequence at the end of the top line
of your error message was never \def'ed. If you have
misspelled it (e.g., `\hobx'), type `I' and the correct
spelling (e.g., `I\hbox'). Otherwise just continue,
and I'll forget about whatever was undefined.

Missing character: There is no a in font nullfont!
Missing character: There is no s in font nullfont!
Missing character: There is no N in font nullfont!
Missing character: There is no i in font nullfont!
Missing character: There is no n in font nullfont!
Missing character: There is no c in font nullfont!
Missing character: There is no r in font nullfont!
Missing character: There is no e in font nullfont!
Missing character: There is no a in font nullfont!
Missing character: There is no s in font nullfont!
Missing character: There is no e in font nullfont!
Missing character: There is no s in font nullfont!
Missing character: There is no : in font nullfont!

Overfull \hbox (40.23595pt too wide) in paragraph at lines 33--35
          $[][] \OT1/cmr/m/n/10 =
 []


Overfull \hbox (43.4964pt too wide) in paragraph at lines 33--35
\OML/cmm/m/it/10 F[]\OT1/cmr/m/n/10 ([]\OML/cmm/m/it/10 t; \OT1/cmr/bx/n/10 P\O
T1/cmr/m/n/10 )$
 []


Overfull \hbox (15.33325pt too wide) in paragraph at lines 33--35
\OT1/cmr/bx/n/10 cu-
 []


Overfull \hbox (19.48601pt too wide) in paragraph at lines 33--35
\OT1/cmr/bx/n/10 mu-
 []


Overfull \hbox (12.61797pt too wide) in paragraph at lines 33--35
\OT1/cmr/bx/n/10 la-
 []


Overfull \hbox (18.68741pt too wide) in paragraph at lines 33--35
\OT1/cmr/bx/n/10 tive
 []


Overfull \hbox (13.84023pt too wide) in paragraph at lines 33--35
\OT1/cmr/bx/n/10 er-
 []


Overfull \hbox (15.22217pt too wide) in paragraph at lines 33--35
\OT1/cmr/bx/n/10 ror
 []


Overfull \hbox (27.09709pt too wide) in paragraph at lines 33--35
\OT1/cmr/bx/n/10 prop-
 []


Overfull \hbox (9.42354pt too wide) in paragraph at lines 33--35
\OT1/cmr/bx/n/10 a-
 []


Overfull \hbox (15.17351pt too wide) in paragraph at lines 33--35
\OT1/cmr/bx/n/10 ga-
 []


Overfull \hbox (19.80545pt too wide) in paragraph at lines 33--35
\OT1/cmr/bx/n/10 tion
 []


Overfull \hbox (55.04175pt too wide) in paragraph at lines 33--35
\OML/cmm/m/it/10 E[]\OT1/cmr/m/n/10 (\OML/cmm/m/it/10 N\OT1/cmr/m/n/10 )$
 []

! Undefined control sequence.
l.35 $$ E_{\text
                {rollout}}(N) = \left| \hat{\mathbf{U}}{N} - \mathbf{U}{N} \...
The control sequence at the end of the top line
of your error message was never \def'ed. If you have
misspelled it (e.g., `\hobx'), type `I' and the correct
spelling (e.g., `I\hbox'). Otherwise just continue,
and I'll forget about whatever was undefined.


Overfull \hbox (122.14764pt too wide) detected at line 35
\OML/cmm/m/it/10 E[]\OT1/cmr/m/n/10 (\OML/cmm/m/it/10 N\OT1/cmr/m/n/10 ) = [][]

 []

Missing character: There is no T in font nullfont!
Missing character: There is no h in font nullfont!
Missing character: There is no i in font nullfont!
Missing character: There is no s in font nullfont!
Missing character: There is no d in font nullfont!
Missing character: There is no i in font nullfont!
Missing character: There is no v in font nullfont!
Missing character: There is no e in font nullfont!
Missing character: There is no r in font nullfont!
Missing character: There is no g in font nullfont!
Missing character: There is no e in font nullfont!
Missing character: There is no n in font nullfont!
Missing character: There is no c in font nullfont!
Missing character: There is no e in font nullfont!
Missing character: There is no r in font nullfont!
Missing character: There is no e in font nullfont!
Missing character: There is no n in font nullfont!
Missing character: There is no d in font nullfont!
Missing character: There is no e in font nullfont!
Missing character: There is no r in font nullfont!
Missing character: There is no s in font nullfont!
Missing character: There is no t in font nullfont!
Missing character: There is no h in font nullfont!
Missing character: There is no e in font nullfont!
Missing character: There is no s in font nullfont!
Missing character: There is no u in font nullfont!
Missing character: There is no r in font nullfont!
Missing character: There is no r in font nullfont!
Missing character: There is no o in font nullfont!
Missing character: There is no g in font nullfont!
Missing character: There is no a in font nullfont!
Missing character: There is no t in font nullfont!
Missing character: There is no e in font nullfont!
Missing character: There is no u in font nullfont!
Missing character: There is no n in font nullfont!
Missing character: There is no u in font nullfont!
Missing character: There is no s in font nullfont!
Missing character: There is no a in font nullfont!
Missing character: There is no b in font nullfont!
Missing character: There is no l in font nullfont!
Missing character: There is no e in font nullfont!
Missing character: There is no f in font nullfont!
Missing character: There is no o in font nullfont!
Missing character: There is no r in font nullfont!
Missing character: There is no r in font nullfont!
Missing character: There is no e in font nullfont!
Missing character: There is no a in font nullfont!
Missing character: There is no l in font nullfont!
Missing character: There is no - in font nullfont!
Missing character: There is no w in font nullfont!
Missing character: There is no o in font nullfont!
Missing character: There is no r in font nullfont!
Missing character: There is no l in font nullfont!
Missing character: There is no d in font nullfont!
Missing character: There is no a in font nullfont!
Missing character: There is no p in font nullfont!
Missing character: There is no p in font nullfont!
Missing character: There is no l in font nullfont!
Missing character: There is no i in font nullfont!
Missing character: There is no c in font nullfont!
Missing character: There is no a in font nullfont!
Missing character: There is no t in font nullfont!
Missing character: There is no i in font nullfont!
Missing character: There is no o in font nullfont!
Missing character: There is no n in font nullfont!
Missing character: There is no s in font nullfont!
Missing character: There is no r in font nullfont!
Missing character: There is no e in font nullfont!
Missing character: There is no q in font nullfont!
Missing character: There is no u in font nullfont!
Missing character: There is no i in font nullfont!
Missing character: There is no r in font nullfont!
Missing character: There is no i in font nullfont!
Missing character: There is no n in font nullfont!
Missing character: There is no g in font nullfont!
Missing character: There is no l in font nullfont!
Missing character: There is no o in font nullfont!
Missing character: There is no n in font nullfont!
Missing character: There is no g in font nullfont!
Missing character: There is no t in font nullfont!
Missing character: There is no i in font nullfont!
Missing character: There is no m in font nullfont!
Missing character: There is no e in font nullfont!
Missing character: There is no r in font nullfont!
Missing character: There is no o in font nullfont!
Missing character: There is no l in font nullfont!
Missing character: There is no l in font nullfont!
Missing character: There is no o in font nullfont!
Missing character: There is no u in font nullfont!
Missing character: There is no t in font nullfont!
Missing character: There is no s in font nullfont!
Missing character: There is no , in font nullfont!
Missing character: There is no w in font nullfont!
Missing character: There is no h in font nullfont!
Missing character: There is no i in font nullfont!
Missing character: There is no c in font nullfont!
Missing character: There is no h in font nullfont!
Missing character: There is no i in font nullfont!
Missing character: There is no s in font nullfont!
Missing character: There is no t in font nullfont!
Missing character: There is no h in font nullfont!
Missing character: There is no e in font nullfont!
Missing character: There is no c in font nullfont!
Missing character: There is no e in font nullfont!
Missing character: There is no n in font nullfont!
Missing character: There is no t in font nullfont!
Missing character: There is no r in font nullfont!
Missing character: There is no a in font nullfont!
Missing character: There is no l in font nullfont!
Missing character: There is no l in font nullfont!
Missing character: There is no i in font nullfont!
Missing character: There is no m in font nullfont!
Missing character: There is no i in font nullfont!
Missing character: There is no t in font nullfont!
Missing character: There is no a in font nullfont!
Missing character: There is no t in font nullfont!
Missing character: There is no i in font nullfont!
Missing character: There is no o in font nullfont!
Missing character: There is no n in font nullfont!
Missing character: There is no t in font nullfont!
Missing character: There is no h in font nullfont!
Missing character: There is no i in font nullfont!
Missing character: There is no s in font nullfont!
Missing character: There is no r in font nullfont!
Missing character: There is no e in font nullfont!
Missing character: There is no s in font nullfont!
Missing character: There is no e in font nullfont!
Missing character: There is no a in font nullfont!
Missing character: There is no r in font nullfont!
Missing character: There is no c in font nullfont!
Missing character: There is no h in font nullfont!
Missing character: There is no a in font nullfont!
Missing character: There is no i in font nullfont!
Missing character: There is no m in font nullfont!
Missing character: There is no s in font nullfont!
Missing character: There is no t in font nullfont!
Missing character: There is no o in font nullfont!
Missing character: There is no o in font nullfont!
Missing character: There is no v in font nullfont!
Missing character: There is no e in font nullfont!
Missing character: There is no r in font nullfont!
Missing character: There is no c in font nullfont!
Missing character: There is no o in font nullfont!
Missing character: There is no m in font nullfont!
Missing character: There is no e in font nullfont!
Missing character: There is no . in font nullfont!
! Undefined control sequence.
l.38 \subsection
                {Probabilistic Formulation for Stability}
The control sequence at the end of the top line
of your error message was never \def'ed. If you have
misspelled it (e.g., `\hobx'), type `I' and the correct
spelling (e.g., `I\hbox'). Otherwise just continue,
and I'll forget about whatever was undefined.

Missing character: There is no P in font nullfont!
Missing character: There is no r in font nullfont!
Missing character: There is no o in font nullfont!
Missing character: There is no b in font nullfont!
Missing character: There is no a in font nullfont!
Missing character: There is no b in font nullfont!
Missing character: There is no i in font nullfont!
Missing character: There is no l in font nullfont!
Missing character: There is no i in font nullfont!
Missing character: There is no s in font nullfont!
Missing character: There is no t in font nullfont!
Missing character: There is no i in font nullfont!
Missing character: There is no c in font nullfont!
Missing character: There is no F in font nullfont!
Missing character: There is no o in font nullfont!
Missing character: There is no r in font nullfont!
Missing character: There is no m in font nullfont!
Missing character: There is no u in font nullfont!
Missing character: There is no l in font nullfont!
Missing character: There is no a in font nullfont!
Missing character: There is no t in font nullfont!
Missing character: There is no i in font nullfont!
Missing character: There is no o in font nullfont!
Missing character: There is no n in font nullfont!
Missing character: There is no f in font nullfont!
Missing character: There is no o in font nullfont!
Missing character: There is no r in font nullfont!
Missing character: There is no S in font nullfont!
Missing character: There is no t in font nullfont!
Missing character: There is no a in font nullfont!
Missing character: There is no b in font nullfont!
Missing character: There is no i in font nullfont!
Missing character: There is no l in font nullfont!
Missing character: There is no i in font nullfont!
Missing character: There is no t in font nullfont!
Missing character: There is no y in font nullfont!
Missing character: There is no T in font nullfont!
Missing character: There is no o in font nullfont!
Missing character: There is no m in font nullfont!
Missing character: There is no i in font nullfont!
Missing character: There is no t in font nullfont!
Missing character: There is no i in font nullfont!
Missing character: There is no g in font nullfont!
Missing character: There is no a in font nullfont!
Missing character: There is no t in font nullfont!
Missing character: There is no e in font nullfont!
Missing character: There is no t in font nullfont!
Missing character: There is no h in font nullfont!
Missing character: There is no e in font nullfont!
Missing character: There is no c in font nullfont!
Missing character: There is no u in font nullfont!
Missing character: There is no m in font nullfont!
Missing character: There is no u in font nullfont!
Missing character: There is no l in font nullfont!
Missing character: There is no a in font nullfont!
Missing character: There is no t in font nullfont!
Missing character: There is no i in font nullfont!
Missing character: There is no v in font nullfont!
Missing character: There is no e in font nullfont!
Missing character: There is no e in font nullfont!
Missing character: There is no r in font nullfont!
Missing character: There is no r in font nullfont!
Missing character: There is no o in font nullfont!
Missing character: There is no r in font nullfont!
Missing character: There is no p in font nullfont!
Missing character: There is no r in font nullfont!
Missing character: There is no o in font nullfont!
Missing character: There is no b in font nullfont!
Missing character: There is no l in font nullfont!
Missing character: There is no e in font nullfont!
Missing character: There is no m in font nullfont!
Missing character: There is no , in font nullfont!
Missing character: There is no t in font nullfont!
Missing character: There is no h in font nullfont!
Missing character: There is no e in font nullfont!
Missing character: There is no s in font nullfont!
Missing character: There is no e in font nullfont!
Missing character: There is no c in font nullfont!
Missing character: There is no o in font nullfont!
Missing character: There is no n in font nullfont!
Missing character: There is no d in font nullfont!
Missing character: There is no a in font nullfont!
Missing character: There is no p in font nullfont!
Missing character: There is no p in font nullfont!
Missing character: There is no r in font nullfont!
Missing character: There is no o in font nullfont!
Missing character: There is no a in font nullfont!
Missing character: There is no c in font nullfont!
Missing character: There is no h in font nullfont!
Missing character: There is no f in font nullfont!
Missing character: There is no o in font nullfont!
Missing character: There is no r in font nullfont!
Missing character: There is no m in font nullfont!
Missing character: There is no u in font nullfont!
Missing character: There is no l in font nullfont!
Missing character: There is no a in font nullfont!
Missing character: There is no t in font nullfont!
Missing character: There is no e in font nullfont!
Missing character: There is no s in font nullfont!
Missing character: There is no t in font nullfont!
Missing character: There is no h in font nullfont!
Missing character: There is no e in font nullfont!
Missing character: There is no p in font nullfont!
Missing character: There is no r in font nullfont!
Missing character: There is no e in font nullfont!
Missing character: There is no d in font nullfont!
Missing character: There is no i in font nullfont!
Missing character: There is no c in font nullfont!
Missing character: There is no t in font nullfont!
Missing character: There is no i in font nullfont!
Missing character: There is no o in font nullfont!
Missing character: There is no n in font nullfont!
Missing character: There is no a in font nullfont!
Missing character: There is no s in font nullfont!
Missing character: There is no m in font nullfont!
Missing character: There is no o in font nullfont!
Missing character: There is no d in font nullfont!
Missing character: There is no e in font nullfont!
Missing character: There is no l in font nullfont!
Missing character: There is no i in font nullfont!
Missing character: There is no n in font nullfont!
Missing character: There is no g in font nullfont!
Missing character: There is no t in font nullfont!
Missing character: There is no h in font nullfont!
Missing character: There is no e in font nullfont!
Missing character: There is no t in font nullfont!
Missing character: There is no r in font nullfont!
Missing character: There is no a in font nullfont!
Missing character: There is no n in font nullfont!
Missing character: There is no s in font nullfont!
Missing character: There is no i in font nullfont!
Missing character: There is no t in font nullfont!
Missing character: There is no i in font nullfont!
Missing character: There is no o in font nullfont!
Missing character: There is no n in font nullfont!
Missing character: There is no p in font nullfont!
Missing character: There is no r in font nullfont!
Missing character: There is no o in font nullfont!
Missing character: There is no b in font nullfont!
Missing character: There is no a in font nullfont!
Missing character: There is no b in font nullfont!
Missing character: There is no i in font nullfont!
Missing character: There is no l in font nullfont!
Missing character: There is no i in font nullfont!
Missing character: There is no t in font nullfont!
Missing character: There is no y in font nullfont!
Missing character: There is no d in font nullfont!
Missing character: There is no i in font nullfont!
Missing character: There is no s in font nullfont!
Missing character: There is no t in font nullfont!
Missing character: There is no r in font nullfont!
Missing character: There is no i in font nullfont!
Missing character: There is no b in font nullfont!
Missing character: There is no u in font nullfont!
Missing character: There is no t in font nullfont!
Missing character: There is no i in font nullfont!
Missing character: There is no o in font nullfont!
Missing character: There is no n in font nullfont!
Missing character: There is no p in font nullfont!
Missing character: There is no ( in font nullfont!
Missing character: There is no U in font nullfont!
Missing character: There is no t in font nullfont!
Missing character: There is no + in font nullfont!

! LaTeX Error: Unicode character Δ (U+0394)
               not set up for use with LaTeX.

See the LaTeX manual or LaTeX Companion for explanation.
Type  H <return>  for immediate help.
 ...                                              
                                                  
l.39 ...ransition probability distribution p(Ut+Δ
                                                  t​∣Ut​,P). This reco...

You may provide a definition with
\DeclareUnicodeCharacter 

Missing character: There is no t in font nullfont!

! LaTeX Error: Unicode character ​ (U+200B)
               not set up for use with LaTeX.

See the LaTeX manual or LaTeX Companion for explanation.
Type  H <return>  for immediate help.
 ...                                              
                                                  
l.39 ...ition probability distribution p(Ut+Δt​
                                                  ∣Ut​,P). This recogniz...

You may provide a definition with
\DeclareUnicodeCharacter 


! LaTeX Error: Unicode character ∣ (U+2223)
               not set up for use with LaTeX.

See the LaTeX manual or LaTeX Companion for explanation.
Type  H <return>  for immediate help.
 ...                                              
                                                  
l.39 ...on probability distribution p(Ut+Δt​∣
                                                  Ut​,P). This recognizes ...

You may provide a definition with
\DeclareUnicodeCharacter 

Missing character: There is no U in font nullfont!
Missing character: There is no t in font nullfont!

! LaTeX Error: Unicode character ​ (U+200B)
               not set up for use with LaTeX.

See the LaTeX manual or LaTeX Companion for explanation.
Type  H <return>  for immediate help.
 ...                                              
                                                  
l.39 ...obability distribution p(Ut+Δt​∣Ut​
                                                  ,P). This recognizes the c...

You may provide a definition with
\DeclareUnicodeCharacter 

Missing character: There is no , in font nullfont!
Missing character: There is no P in font nullfont!
Missing character: There is no ) in font nullfont!
Missing character: There is no . in font nullfont!
Missing character: There is no T in font nullfont!
Missing character: There is no h in font nullfont!
Missing character: There is no i in font nullfont!
Missing character: There is no s in font nullfont!
Missing character: There is no r in font nullfont!
Missing character: There is no e in font nullfont!
Missing character: There is no c in font nullfont!
Missing character: There is no o in font nullfont!
Missing character: There is no g in font nullfont!
Missing character: There is no n in font nullfont!
Missing character: There is no i in font nullfont!
Missing character: There is no z in font nullfont!
Missing character: There is no e in font nullfont!
Missing character: There is no s in font nullfont!
Missing character: There is no t in font nullfont!
Missing character: There is no h in font nullfont!
Missing character: There is no e in font nullfont!
Missing character: There is no c in font nullfont!
Missing character: There is no h in font nullfont!
Missing character: There is no a in font nullfont!
Missing character: There is no o in font nullfont!
Missing character: There is no t in font nullfont!
Missing character: There is no i in font nullfont!
Missing character: There is no c in font nullfont!
Missing character: There is no n in font nullfont!
Missing character: There is no a in font nullfont!
Missing character: There is no t in font nullfont!
Missing character: There is no u in font nullfont!
Missing character: There is no r in font nullfont!
Missing character: There is no e in font nullfont!
Missing character: There is no o in font nullfont!
Missing character: There is no f in font nullfont!
Missing character: There is no N in font nullfont!
Missing character: There is no a in font nullfont!
Missing character: There is no v in font nullfont!
Missing character: There is no i in font nullfont!
Missing character: There is no e in font nullfont!
Missing character: There is no r in font nullfont!
Missing character: There is no - in font nullfont!
Missing character: There is no S in font nullfont!
Missing character: There is no t in font nullfont!
Missing character: There is no o in font nullfont!
Missing character: There is no k in font nullfont!
Missing character: There is no e in font nullfont!
Missing character: There is no s in font nullfont!
Missing character: There is no , in font nullfont!
Missing character: There is no w in font nullfont!
Missing character: There is no h in font nullfont!
Missing character: There is no e in font nullfont!
Missing character: There is no r in font nullfont!
Missing character: There is no e in font nullfont!
Missing character: There is no m in font nullfont!
Missing character: There is no u in font nullfont!
Missing character: There is no l in font nullfont!
Missing character: There is no t in font nullfont!
Missing character: There is no i in font nullfont!
Missing character: There is no p in font nullfont!
Missing character: There is no l in font nullfont!
Missing character: There is no e in font nullfont!
Missing character: There is no p in font nullfont!
Missing character: There is no h in font nullfont!
Missing character: There is no y in font nullfont!
Missing character: There is no s in font nullfont!
Missing character: There is no i in font nullfont!
Missing character: There is no c in font nullfont!
Missing character: There is no a in font nullfont!
Missing character: There is no l in font nullfont!
Missing character: There is no o in font nullfont!
Missing character: There is no u in font nullfont!
Missing character: There is no t in font nullfont!
Missing character: There is no c in font nullfont!
Missing character: There is no o in font nullfont!
Missing character: There is no m in font nullfont!
Missing character: There is no e in font nullfont!
Missing character: There is no s in font nullfont!
Missing character: There is no U in font nullfont!
Missing character: There is no t in font nullfont!
Missing character: There is no + in font nullfont!

! LaTeX Error: Unicode character Δ (U+0394)
               not set up for use with LaTeX.

See the LaTeX manual or LaTeX Companion for explanation.
Type  H <return>  for immediate help.
 ...                                              
                                                  
l.39 ...es, where multiple physical outcomes Ut+Δ
                                                  t​ are valid given Ut​...

You may provide a definition with
\DeclareUnicodeCharacter 

Missing character: There is no t in font nullfont!

! LaTeX Error: Unicode character ​ (U+200B)
               not set up for use with LaTeX.

See the LaTeX manual or LaTeX Companion for explanation.
Type  H <return>  for immediate help.
 ...                                              
                                                  
l.39 ...where multiple physical outcomes Ut+Δt​
                                                   are valid given Ut​. Th...

You may provide a definition with
\DeclareUnicodeCharacter 

Missing character: There is no a in font nullfont!
Missing character: There is no r in font nullfont!
Missing character: There is no e in font nullfont!
Missing character: There is no v in font nullfont!
Missing character: There is no a in font nullfont!
Missing character: There is no l in font nullfont!
Missing character: There is no i in font nullfont!
Missing character: There is no d in font nullfont!
Missing character: There is no g in font nullfont!
Missing character: There is no i in font nullfont!
Missing character: There is no v in font nullfont!
Missing character: There is no e in font nullfont!
Missing character: There is no n in font nullfont!
Missing character: There is no U in font nullfont!
Missing character: There is no t in font nullfont!

! LaTeX Error: Unicode character ​ (U+200B)
               not set up for use with LaTeX.

See the LaTeX manual or LaTeX Companion for explanation.
Type  H <return>  for immediate help.
 ...                                              
                                                  
l.39 ...l outcomes Ut+Δt​ are valid given Ut​
                                                  . The Flow Matching object...

You may provide a definition with
\DeclareUnicodeCharacter 

Missing character: There is no . in font nullfont!
Missing character: There is no T in font nullfont!
Missing character: There is no h in font nullfont!
Missing character: There is no e in font nullfont!
Missing character: There is no F in font nullfont!
Missing character: There is no l in font nullfont!
Missing character: There is no o in font nullfont!
Missing character: There is no w in font nullfont!
Missing character: There is no M in font nullfont!
Missing character: There is no a in font nullfont!
Missing character: There is no t in font nullfont!
Missing character: There is no c in font nullfont!
Missing character: There is no h in font nullfont!
Missing character: There is no i in font nullfont!
Missing character: There is no n in font nullfont!
Missing character: There is no g in font nullfont!
Missing character: There is no o in font nullfont!
Missing character: There is no b in font nullfont!
Missing character: There is no j in font nullfont!
Missing character: There is no e in font nullfont!
Missing character: There is no c in font nullfont!
Missing character: There is no t in font nullfont!
Missing character: There is no i in font nullfont!
Missing character: There is no v in font nullfont!
Missing character: There is no e in font nullfont!
Missing character: There is no i in font nullfont!
Missing character: There is no s in font nullfont!
Missing character: There is no t in font nullfont!
Missing character: There is no o in font nullfont!
Missing character: There is no l in font nullfont!
Missing character: There is no e in font nullfont!
Missing character: There is no a in font nullfont!
Missing character: There is no r in font nullfont!
Missing character: There is no n in font nullfont!
Missing character: There is no a in font nullfont!
Missing character: There is no n in font nullfont!
Missing character: There is no o in font nullfont!
Missing character: There is no i in font nullfont!
Missing character: There is no s in font nullfont!
Missing character: There is no e in font nullfont!
Missing character: There is no - in font nullfont!
Missing character: There is no c in font nullfont!
Missing character: There is no o in font nullfont!
Missing character: There is no n in font nullfont!
Missing character: There is no d in font nullfont!
Missing character: There is no i in font nullfont!
Missing character: There is no t in font nullfont!
Missing character: There is no i in font nullfont!
Missing character: There is no o in font nullfont!
Missing character: There is no n in font nullfont!
Missing character: There is no e in font nullfont!
Missing character: There is no d in font nullfont!
Missing character: There is no s in font nullfont!
Missing character: There is no c in font nullfont!
Missing character: There is no o in font nullfont!
Missing character: There is no r in font nullfont!
Missing character: There is no e in font nullfont!
Missing character: There is no f in font nullfont!
Missing character: There is no u in font nullfont!
Missing character: There is no n in font nullfont!
Missing character: There is no c in font nullfont!
Missing character: There is no t in font nullfont!
Missing character: There is no i in font nullfont!
Missing character: There is no o in font nullfont!
Missing character: There is no n in font nullfont!
Missing character: There is no s in font nullfont!

! LaTeX Error: Unicode character ϕ (U+03D5)
               not set up for use with LaTeX.

See the LaTeX manual or LaTeX Companion for explanation.
Type  H <return>  for immediate help.
 ...                                              
                                                  
l.39 ...arn a noise-conditioned score function sϕ
                                                  ​ that transforms a simp...

You may provide a definition with
\DeclareUnicodeCharacter 


! LaTeX Error: Unicode character ​ (U+200B)
               not set up for use with LaTeX.

See the LaTeX manual or LaTeX Companion for explanation.
Type  H <return>  for immediate help.
 ...                                              
                                                  
l.39 ... a noise-conditioned score function sϕ​
                                                   that transforms a simple ...

You may provide a definition with
\DeclareUnicodeCharacter 

Missing character: There is no t in font nullfont!
Missing character: There is no h in font nullfont!
Missing character: There is no a in font nullfont!
Missing character: There is no t in font nullfont!
Missing character: There is no t in font nullfont!
Missing character: There is no r in font nullfont!
Missing character: There is no a in font nullfont!
Missing character: There is no n in font nullfont!
Missing character: There is no s in font nullfont!
Missing character: There is no f in font nullfont!
Missing character: There is no o in font nullfont!
Missing character: There is no r in font nullfont!
Missing character: There is no m in font nullfont!
Missing character: There is no s in font nullfont!
Missing character: There is no a in font nullfont!
Missing character: There is no s in font nullfont!
Missing character: There is no i in font nullfont!
Missing character: There is no m in font nullfont!
Missing character: There is no p in font nullfont!
Missing character: There is no l in font nullfont!
Missing character: There is no e in font nullfont!
Missing character: There is no p in font nullfont!
Missing character: There is no r in font nullfont!
Missing character: There is no i in font nullfont!
Missing character: There is no o in font nullfont!
Missing character: There is no r in font nullfont!
Missing character: There is no d in font nullfont!
Missing character: There is no i in font nullfont!
Missing character: There is no s in font nullfont!
Missing character: There is no t in font nullfont!
Missing character: There is no r in font nullfont!
Missing character: There is no i in font nullfont!
Missing character: There is no b in font nullfont!
Missing character: There is no u in font nullfont!
Missing character: There is no t in font nullfont!
Missing character: There is no i in font nullfont!
Missing character: There is no o in font nullfont!
Missing character: There is no n in font nullfont!
Missing character: There is no i in font nullfont!
Missing character: There is no n in font nullfont!
Missing character: There is no t in font nullfont!
Missing character: There is no o in font nullfont!
Missing character: There is no t in font nullfont!
Missing character: There is no h in font nullfont!
Missing character: There is no e in font nullfont!
Missing character: There is no c in font nullfont!
Missing character: There is no o in font nullfont!
Missing character: There is no m in font nullfont!
Missing character: There is no p in font nullfont!
Missing character: There is no l in font nullfont!
Missing character: There is no e in font nullfont!
Missing character: There is no x in font nullfont!
Missing character: There is no t in font nullfont!
Missing character: There is no a in font nullfont!
Missing character: There is no r in font nullfont!
Missing character: There is no g in font nullfont!
Missing character: There is no e in font nullfont!
Missing character: There is no t in font nullfont!
Missing character: There is no d in font nullfont!
Missing character: There is no i in font nullfont!
Missing character: There is no s in font nullfont!
Missing character: There is no t in font nullfont!
Missing character: There is no r in font nullfont!
Missing character: There is no i in font nullfont!
Missing character: There is no b in font nullfont!
Missing character: There is no u in font nullfont!
Missing character: There is no t in font nullfont!
Missing character: There is no i in font nullfont!
Missing character: There is no o in font nullfont!
Missing character: There is no n in font nullfont!
Missing character: There is no p in font nullfont!
Missing character: There is no ( in font nullfont!
Missing character: There is no U in font nullfont!
Missing character: There is no t in font nullfont!
Missing character: There is no + in font nullfont!

! LaTeX Error: Unicode character Δ (U+0394)
               not set up for use with LaTeX.

See the LaTeX manual or LaTeX Companion for explanation.
Type  H <return>  for immediate help.
 ...                                              
                                                  
l.39 ...to the complex target distribution p(Ut+Δ
                                                  t​∣Ut​,P):
You may provide a definition with
\DeclareUnicodeCharacter 

Missing character: There is no t in font nullfont!

! LaTeX Error: Unicode character ​ (U+200B)
               not set up for use with LaTeX.

See the LaTeX manual or LaTeX Companion for explanation.
Type  H <return>  for immediate help.
 ...                                              
                                                  
l.39 ...he complex target distribution p(Ut+Δt​
                                                  ∣Ut​,P):
You may provide a definition with
\DeclareUnicodeCharacter 


! LaTeX Error: Unicode character ∣ (U+2223)
               not set up for use with LaTeX.

See the LaTeX manual or LaTeX Companion for explanation.
Type  H <return>  for immediate help.
 ...                                              
                                                  
l.39 ...complex target distribution p(Ut+Δt​∣
                                                  Ut​,P):
You may provide a definition with
\DeclareUnicodeCharacter 

Missing character: There is no U in font nullfont!
Missing character: There is no t in font nullfont!

! LaTeX Error: Unicode character ​ (U+200B)
               not set up for use with LaTeX.

See the LaTeX manual or LaTeX Companion for explanation.
Type  H <return>  for immediate help.
 ...                                              
                                                  
l.39 ...ex target distribution p(Ut+Δt​∣Ut​
                                                  ,P):
You may provide a definition with
\DeclareUnicodeCharacter 

Missing character: There is no , in font nullfont!
Missing character: There is no P in font nullfont!
Missing character: There is no ) in font nullfont!
Missing character: There is no : in font nullfont!

Overfull \hbox (20.0pt too wide) in paragraph at lines 38--40
[]
 []


Overfull \hbox (20.0pt too wide) in paragraph at lines 41--41
[] 
 []

! Undefined control sequence.
l.41 $$ \min_{\phi} \mathbb
                           {E}_{\mathbf{U}t, \mathbf{P}, t, \mathbf{x}} \lef...
The control sequence at the end of the top line
of your error message was never \def'ed. If you have
misspelled it (e.g., `\hobx'), type `I' and the correct
spelling (e.g., `I\hbox'). Otherwise just continue,
and I'll forget about whatever was undefined.


Overfull \hbox (235.70859pt too wide) detected at line 41
[] \OML/cmm/m/it/10 E[] []
 []

Missing character: There is no T in font nullfont!
Missing character: There is no h in font nullfont!
Missing character: There is no i in font nullfont!
Missing character: There is no s in font nullfont!
Missing character: There is no s in font nullfont!
Missing character: There is no h in font nullfont!
Missing character: There is no i in font nullfont!
Missing character: There is no f in font nullfont!
Missing character: There is no t in font nullfont!
Missing character: There is no s in font nullfont!
Missing character: There is no t in font nullfont!
Missing character: There is no h in font nullfont!
Missing character: There is no e in font nullfont!
Missing character: There is no m in font nullfont!
Missing character: There is no e in font nullfont!
Missing character: There is no t in font nullfont!
Missing character: There is no r in font nullfont!
Missing character: There is no i in font nullfont!
Missing character: There is no c in font nullfont!
Missing character: There is no o in font nullfont!
Missing character: There is no f in font nullfont!
Missing character: There is no s in font nullfont!
Missing character: There is no u in font nullfont!
Missing character: There is no c in font nullfont!
Missing character: There is no c in font nullfont!
Missing character: There is no e in font nullfont!
Missing character: There is no s in font nullfont!
Missing character: There is no s in font nullfont!
Missing character: There is no f in font nullfont!
Missing character: There is no r in font nullfont!
Missing character: There is no o in font nullfont!
Missing character: There is no m in font nullfont!
Missing character: There is no a in font nullfont!
Missing character: There is no s in font nullfont!
Missing character: There is no i in font nullfont!
Missing character: There is no n in font nullfont!
Missing character: There is no g in font nullfont!
Missing character: There is no l in font nullfont!
Missing character: There is no e in font nullfont!
Missing character: There is no d in font nullfont!
Missing character: There is no e in font nullfont!
Missing character: There is no t in font nullfont!
Missing character: There is no e in font nullfont!
Missing character: There is no r in font nullfont!
Missing character: There is no m in font nullfont!
Missing character: There is no i in font nullfont!
Missing character: There is no n in font nullfont!
Missing character: There is no i in font nullfont!
Missing character: There is no s in font nullfont!
Missing character: There is no t in font nullfont!
Missing character: There is no i in font nullfont!
Missing character: There is no c in font nullfont!
Missing character: There is no p in font nullfont!
Missing character: There is no r in font nullfont!
Missing character: There is no e in font nullfont!
Missing character: There is no d in font nullfont!
Missing character: There is no i in font nullfont!
Missing character: There is no c in font nullfont!
Missing character: There is no t in font nullfont!
Missing character: There is no i in font nullfont!
Missing character: There is no o in font nullfont!
Missing character: There is no n in font nullfont!
Missing character: There is no t in font nullfont!
Missing character: There is no o in font nullfont!
Missing character: There is no t in font nullfont!
Missing character: There is no h in font nullfont!
Missing character: There is no e in font nullfont!
Missing character: There is no f in font nullfont!
Missing character: There is no i in font nullfont!
Missing character: There is no d in font nullfont!
Missing character: There is no e in font nullfont!
Missing character: There is no l in font nullfont!
Missing character: There is no i in font nullfont!
Missing character: There is no t in font nullfont!
Missing character: There is no y in font nullfont!
Missing character: There is no o in font nullfont!
Missing character: There is no f in font nullfont!
Missing character: There is no t in font nullfont!
Missing character: There is no h in font nullfont!
Missing character: There is no e in font nullfont!
Missing character: There is no g in font nullfont!
Missing character: There is no e in font nullfont!
Missing character: There is no n in font nullfont!
Missing character: There is no e in font nullfont!
Missing character: There is no r in font nullfont!
Missing character: There is no a in font nullfont!
Missing character: There is no t in font nullfont!
Missing character: There is no e in font nullfont!
Missing character: There is no d in font nullfont!
Missing character: There is no e in font nullfont!
Missing character: There is no n in font nullfont!
Missing character: There is no s in font nullfont!
Missing character: There is no e in font nullfont!
Missing character: There is no m in font nullfont!
Missing character: There is no b in font nullfont!
Missing character: There is no l in font nullfont!
Missing character: There is no e in font nullfont!
Missing character: There is no s in font nullfont!
Missing character: There is no t in font nullfont!
Missing character: There is no a in font nullfont!
Missing character: There is no t in font nullfont!
Missing character: There is no i in font nullfont!
Missing character: There is no s in font nullfont!
Missing character: There is no t in font nullfont!
Missing character: There is no i in font nullfont!
Missing character: There is no c in font nullfont!
Missing character: There is no s in font nullfont!
Missing character: There is no , in font nullfont!
Missing character: There is no e in font nullfont!
Missing character: There is no n in font nullfont!
Missing character: There is no s in font nullfont!
Missing character: There is no u in font nullfont!
Missing character: There is no r in font nullfont!
Missing character: There is no i in font nullfont!
Missing character: There is no n in font nullfont!
Missing character: There is no g in font nullfont!
Missing character: There is no r in font nullfont!
Missing character: There is no a in font nullfont!
Missing character: There is no t in font nullfont!
Missing character: There is no h in font nullfont!
Missing character: There is no e in font nullfont!
Missing character: There is no r in font nullfont!
Missing character: There is no t in font nullfont!
Missing character: There is no h in font nullfont!
Missing character: There is no a in font nullfont!
Missing character: There is no n in font nullfont!
Missing character: There is no p in font nullfont!
Missing character: There is no o in font nullfont!
Missing character: There is no i in font nullfont!
Missing character: There is no n in font nullfont!
Missing character: There is no t in font nullfont!
Missing character: There is no - in font nullfont!
Missing character: There is no t in font nullfont!
Missing character: There is no o in font nullfont!
Missing character: There is no - in font nullfont!
Missing character: There is no p in font nullfont!
Missing character: There is no o in font nullfont!
Missing character: There is no i in font nullfont!
Missing character: There is no n in font nullfont!
Missing character: There is no t in font nullfont!
Missing character: There is no a in font nullfont!
Missing character: There is no c in font nullfont!
Missing character: There is no c in font nullfont!
Missing character: There is no u in font nullfont!
Missing character: There is no r in font nullfont!
Missing character: There is no a in font nullfont!
Missing character: There is no c in font nullfont!
Missing character: There is no y in font nullfont!
Missing character: There is no o in font nullfont!
Missing character: There is no v in font nullfont!
Missing character: There is no e in font nullfont!
Missing character: There is no r in font nullfont!
Missing character: There is no l in font nullfont!
Missing character: There is no o in font nullfont!
Missing character: There is no n in font nullfont!
Missing character: There is no g in font nullfont!
Missing character: There is no t in font nullfont!
Missing character: There is no i in font nullfont!
Missing character: There is no m in font nullfont!
Missing character: There is no e in font nullfont!
Missing character: There is no h in font nullfont!
Missing character: There is no o in font nullfont!
Missing character: There is no r in font nullfont!
Missing character: There is no i in font nullfont!
Missing character: There is no z in font nullfont!
Missing character: There is no o in font nullfont!
Missing character: There is no n in font nullfont!
Missing character: There is no s in font nullfont!
Missing character: There is no . in font nullfont!

Overfull \hbox (20.0pt too wide) in paragraph at lines 43--44
[]
 []


Overfull \hbox (26.89706pt too wide) in paragraph at lines 43--44
\OT1/cmr/bx/n/10 phys-
 []


Overfull \hbox (7.02774pt too wide) in paragraph at lines 43--44
\OT1/cmr/bx/n/10 i-
 []


Overfull \hbox (13.89574pt too wide) in paragraph at lines 43--44
\OT1/cmr/bx/n/10 cal
 []


Overfull \hbox (21.08322pt too wide) in paragraph at lines 43--44
\OT1/cmr/bx/n/10 con-
 []


Overfull \hbox (16.09988pt too wide) in paragraph at lines 43--44
\OT1/cmr/bx/n/10 sis-
 []


Overfull \hbox (27.31236pt too wide) in paragraph at lines 43--44
\OT1/cmr/bx/n/10 tency
 []

! Undefined control sequence.
l.45 \section
             {Definition of Success Metrics}
The control sequence at the end of the top line
of your error message was never \def'ed. If you have
misspelled it (e.g., `\hobx'), type `I' and the correct
spelling (e.g., `I\hbox'). Otherwise just continue,
and I'll forget about whatever was undefined.

Missing character: There is no D in font nullfont!
Missing character: There is no e in font nullfont!
Missing character: There is no f in font nullfont!
Missing character: There is no i in font nullfont!
Missing character: There is no n in font nullfont!
Missing character: There is no i in font nullfont!
Missing character: There is no t in font nullfont!
Missing character: There is no i in font nullfont!
Missing character: There is no o in font nullfont!
Missing character: There is no n in font nullfont!
Missing character: There is no o in font nullfont!
Missing character: There is no f in font nullfont!
Missing character: There is no S in font nullfont!
Missing character: There is no u in font nullfont!
Missing character: There is no c in font nullfont!
Missing character: There is no c in font nullfont!
Missing character: There is no e in font nullfont!
Missing character: There is no s in font nullfont!
Missing character: There is no s in font nullfont!
Missing character: There is no M in font nullfont!
Missing character: There is no e in font nullfont!
Missing character: There is no t in font nullfont!
Missing character: There is no r in font nullfont!
Missing character: There is no i in font nullfont!
Missing character: There is no c in font nullfont!
Missing character: There is no s in font nullfont!

Overfull \hbox (20.0pt too wide) in paragraph at lines 45--46
[]
 []

Missing character: There is no T in font nullfont!
Missing character: There is no o in font nullfont!
Missing character: There is no r in font nullfont!
Missing character: There is no i in font nullfont!
Missing character: There is no g in font nullfont!
Missing character: There is no o in font nullfont!
Missing character: There is no r in font nullfont!
Missing character: There is no o in font nullfont!
Missing character: There is no u in font nullfont!
Missing character: There is no s in font nullfont!
Missing character: There is no l in font nullfont!
Missing character: There is no y in font nullfont!
Missing character: There is no c in font nullfont!
Missing character: There is no o in font nullfont!
Missing character: There is no m in font nullfont!
Missing character: There is no p in font nullfont!
Missing character: There is no a in font nullfont!
Missing character: There is no r in font nullfont!
Missing character: There is no e in font nullfont!
Missing character: There is no t in font nullfont!
Missing character: There is no h in font nullfont!
Missing character: There is no e in font nullfont!
Missing character: There is no A in font nullfont!
Missing character: There is no R in font nullfont!
Missing character: There is no a in font nullfont!
Missing character: There is no n in font nullfont!
Missing character: There is no d in font nullfont!
Missing character: There is no F in font nullfont!
Missing character: There is no l in font nullfont!
Missing character: There is no o in font nullfont!
Missing character: There is no w in font nullfont!
Missing character: There is no M in font nullfont!
Missing character: There is no a in font nullfont!
Missing character: There is no t in font nullfont!
Missing character: There is no c in font nullfont!
Missing character: There is no h in font nullfont!
Missing character: There is no i in font nullfont!
Missing character: There is no n in font nullfont!
Missing character: There is no g in font nullfont!
Missing character: There is no a in font nullfont!
Missing character: There is no p in font nullfont!
Missing character: There is no p in font nullfont!
Missing character: There is no r in font nullfont!
Missing character: There is no o in font nullfont!
Missing character: There is no a in font nullfont!
Missing character: There is no c in font nullfont!
Missing character: There is no h in font nullfont!
Missing character: There is no e in font nullfont!
Missing character: There is no s in font nullfont!
Missing character: There is no , in font nullfont!
Missing character: There is no s in font nullfont!
Missing character: There is no u in font nullfont!
Missing character: There is no c in font nullfont!
Missing character: There is no c in font nullfont!
Missing character: There is no e in font nullfont!
Missing character: There is no s in font nullfont!
Missing character: There is no s in font nullfont!
Missing character: There is no w in font nullfont!
Missing character: There is no i in font nullfont!
Missing character: There is no l in font nullfont!
Missing character: There is no l in font nullfont!
Missing character: There is no b in font nullfont!
Missing character: There is no e in font nullfont!
Missing character: There is no e in font nullfont!
Missing character: There is no v in font nullfont!
Missing character: There is no a in font nullfont!
Missing character: There is no l in font nullfont!
Missing character: There is no u in font nullfont!
Missing character: There is no a in font nullfont!
Missing character: There is no t in font nullfont!
Missing character: There is no e in font nullfont!
Missing character: There is no d in font nullfont!
Missing character: There is no a in font nullfont!
Missing character: There is no c in font nullfont!
Missing character: There is no r in font nullfont!
Missing character: There is no o in font nullfont!
Missing character: There is no s in font nullfont!
Missing character: There is no s in font nullfont!
Missing character: There is no t in font nullfont!
Missing character: There is no h in font nullfont!
Missing character: There is no r in font nullfont!
Missing character: There is no e in font nullfont!
Missing character: There is no e in font nullfont!
Missing character: There is no c in font nullfont!
Missing character: There is no r in font nullfont!
Missing character: There is no i in font nullfont!
Missing character: There is no t in font nullfont!
Missing character: There is no i in font nullfont!
Missing character: There is no c in font nullfont!
Missing character: There is no a in font nullfont!
Missing character: There is no l in font nullfont!
Missing character: There is no d in font nullfont!
Missing character: There is no i in font nullfont!
Missing character: There is no m in font nullfont!
Missing character: There is no e in font nullfont!
Missing character: There is no n in font nullfont!
Missing character: There is no s in font nullfont!
Missing character: There is no i in font nullfont!
Missing character: There is no o in font nullfont!
Missing character: There is no n in font nullfont!
Missing character: There is no s in font nullfont!
Missing character: There is no : in font nullfont!

Overfull \hbox (20.0pt too wide) in paragraph at lines 47--48
[]
 []


Overfull \hbox (20.0pt too wide) in paragraph at lines 49--49
[] 
 []


! LaTeX Error: Unicode character ​ (U+200B)
               not set up for use with LaTeX.

See the LaTeX manual or LaTeX Companion for explanation.
Type  H <return>  for immediate help.
 ...                                              
                                                  
l.50 ...extbf{Short-Term Fidelity (Fidelity1​):}
                                                   The step-wise L2​ error...

You may provide a definition with
\DeclareUnicodeCharacter 

Missing character: There is no T in font nullfont!
Missing character: There is no h in font nullfont!
Missing character: There is no e in font nullfont!
Missing character: There is no s in font nullfont!
Missing character: There is no t in font nullfont!
Missing character: There is no e in font nullfont!
Missing character: There is no p in font nullfont!
Missing character: There is no - in font nullfont!
Missing character: There is no w in font nullfont!
Missing character: There is no i in font nullfont!
Missing character: There is no s in font nullfont!
Missing character: There is no e in font nullfont!
Missing character: There is no L in font nullfont!
Missing character: There is no 2 in font nullfont!

! LaTeX Error: Unicode character ​ (U+200B)
               not set up for use with LaTeX.

See the LaTeX manual or LaTeX Companion for explanation.
Type  H <return>  for immediate help.
 ...                                              
                                                  
l.50 ...elity (Fidelity1​):} The step-wise L2​
                                                   error (Equation 1) for th...

You may provide a definition with
\DeclareUnicodeCharacter 

Missing character: There is no e in font nullfont!
Missing character: There is no r in font nullfont!
Missing character: There is no r in font nullfont!
Missing character: There is no o in font nullfont!
Missing character: There is no r in font nullfont!
Missing character: There is no ( in font nullfont!
Missing character: There is no E in font nullfont!
Missing character: There is no q in font nullfont!
Missing character: There is no u in font nullfont!
Missing character: There is no a in font nullfont!
Missing character: There is no t in font nullfont!
Missing character: There is no i in font nullfont!
Missing character: There is no o in font nullfont!
Missing character: There is no n in font nullfont!
Missing character: There is no 1 in font nullfont!
Missing character: There is no ) in font nullfont!
Missing character: There is no f in font nullfont!
Missing character: There is no o in font nullfont!
Missing character: There is no r in font nullfont!
Missing character: There is no t in font nullfont!
Missing character: There is no h in font nullfont!
Missing character: There is no e in font nullfont!
Missing character: There is no f in font nullfont!
Missing character: There is no i in font nullfont!
Missing character: There is no r in font nullfont!
Missing character: There is no s in font nullfont!
Missing character: There is no t in font nullfont!
Missing character: There is no K in font nullfont!
Missing character: There is no = in font nullfont!
Missing character: There is no 5 in font nullfont!
Missing character: There is no p in font nullfont!
Missing character: There is no r in font nullfont!
Missing character: There is no e in font nullfont!
Missing character: There is no d in font nullfont!
Missing character: There is no i in font nullfont!
Missing character: There is no c in font nullfont!
Missing character: There is no t in font nullfont!
Missing character: There is no i in font nullfont!
Missing character: There is no o in font nullfont!
Missing character: There is no n in font nullfont!
Missing character: There is no s in font nullfont!
Missing character: There is no . in font nullfont!
Missing character: There is no T in font nullfont!
Missing character: There is no h in font nullfont!
Missing character: There is no i in font nullfont!
Missing character: There is no s in font nullfont!
Missing character: There is no m in font nullfont!
Missing character: There is no e in font nullfont!
Missing character: There is no a in font nullfont!
Missing character: There is no s in font nullfont!
Missing character: There is no u in font nullfont!
Missing character: There is no r in font nullfont!
Missing character: There is no e in font nullfont!
Missing character: There is no s in font nullfont!
Missing character: There is no b in font nullfont!
Missing character: There is no a in font nullfont!
Missing character: There is no s in font nullfont!
Missing character: There is no e in font nullfont!
Missing character: There is no l in font nullfont!
Missing character: There is no i in font nullfont!
Missing character: There is no n in font nullfont!
Missing character: There is no e in font nullfont!
Missing character: There is no p in font nullfont!
Missing character: There is no r in font nullfont!
Missing character: There is no e in font nullfont!
Missing character: There is no d in font nullfont!
Missing character: There is no i in font nullfont!
Missing character: There is no c in font nullfont!
Missing character: There is no t in font nullfont!
Missing character: There is no i in font nullfont!
Missing character: There is no v in font nullfont!
Missing character: There is no e in font nullfont!
Missing character: There is no c in font nullfont!
Missing character: There is no a in font nullfont!
Missing character: There is no p in font nullfont!
Missing character: There is no a in font nullfont!
Missing character: There is no c in font nullfont!
Missing character: There is no i in font nullfont!
Missing character: There is no t in font nullfont!
Missing character: There is no y in font nullfont!
Missing character: There is no . in font nullfont!

Overfull \hbox (31.56929pt too wide) in paragraph at lines 50--51
\OT1/cmr/bx/n/10 Short-
 []


Overfull \hbox (26.63182pt too wide) in paragraph at lines 50--51
\OT1/cmr/bx/n/10 Term
 []


Overfull \hbox (14.26381pt too wide) in paragraph at lines 50--51
\OT1/cmr/bx/n/10 Fi-
 []


Overfull \hbox (28.27069pt too wide) in paragraph at lines 50--51
\OT1/cmr/bx/n/10 delity
 []


Overfull \hbox (18.73601pt too wide) in paragraph at lines 50--51
\OT1/cmr/bx/n/10 (Fi-
 []


Overfull \hbox (41.68729pt too wide) in paragraph at lines 50--51
\OT1/cmr/bx/n/10 delity1):
 []


! LaTeX Error: Unicode character ​ (U+200B)
               not set up for use with LaTeX.

See the LaTeX manual or LaTeX Companion for explanation.
Type  H <return>  for immediate help.
 ...                                              
                                                  
l.51 ...-Term Temporal Stability (StabilityN​):}
                                                   The maximum rollout horiz...

You may provide a definition with
\DeclareUnicodeCharacter 

Missing character: There is no T in font nullfont!
Missing character: There is no h in font nullfont!
Missing character: There is no e in font nullfont!
Missing character: There is no m in font nullfont!
Missing character: There is no a in font nullfont!
Missing character: There is no x in font nullfont!
Missing character: There is no i in font nullfont!
Missing character: There is no m in font nullfont!
Missing character: There is no u in font nullfont!
Missing character: There is no m in font nullfont!
Missing character: There is no r in font nullfont!
Missing character: There is no o in font nullfont!
Missing character: There is no l in font nullfont!
Missing character: There is no l in font nullfont!
Missing character: There is no o in font nullfont!
Missing character: There is no u in font nullfont!
Missing character: There is no t in font nullfont!
Missing character: There is no h in font nullfont!
Missing character: There is no o in font nullfont!
Missing character: There is no r in font nullfont!
Missing character: There is no i in font nullfont!
Missing character: There is no z in font nullfont!
Missing character: There is no o in font nullfont!
Missing character: There is no n in font nullfont!
Missing character: There is no N in font nullfont!
Missing character: There is no ( in font nullfont!
Missing character: There is no e in font nullfont!
Missing character: There is no . in font nullfont!
Missing character: There is no g in font nullfont!
Missing character: There is no . in font nullfont!
Missing character: There is no , in font nullfont!
Missing character: There is no N in font nullfont!
Missing character: There is no > in font nullfont!
Missing character: There is no 1 in font nullfont!
Missing character: There is no 0 in font nullfont!
Missing character: There is no 0 in font nullfont!
Missing character: There is no s in font nullfont!
Missing character: There is no t in font nullfont!
Missing character: There is no e in font nullfont!
Missing character: There is no p in font nullfont!
Missing character: There is no s in font nullfont!
Missing character: There is no ) in font nullfont!
Missing character: There is no b in font nullfont!
Missing character: There is no e in font nullfont!
Missing character: There is no f in font nullfont!
Missing character: There is no o in font nullfont!
Missing character: There is no r in font nullfont!
Missing character: There is no e in font nullfont!
Missing character: There is no t in font nullfont!
Missing character: There is no h in font nullfont!
Missing character: There is no e in font nullfont!
Missing character: There is no L in font nullfont!
Missing character: There is no 2 in font nullfont!

! LaTeX Error: Unicode character ​ (U+200B)
               not set up for use with LaTeX.

See the LaTeX manual or LaTeX Companion for explanation.
Type  H <return>  for immediate help.
 ...                                              
                                                  
l.51 ...zon N (e.g., N>100 steps) before the L2​
                                                   rollout error (Equation 2...

You may provide a definition with
\DeclareUnicodeCharacter 

Missing character: There is no r in font nullfont!
Missing character: There is no o in font nullfont!
Missing character: There is no l in font nullfont!
Missing character: There is no l in font nullfont!
Missing character: There is no o in font nullfont!
Missing character: There is no u in font nullfont!
Missing character: There is no t in font nullfont!
Missing character: There is no e in font nullfont!
Missing character: There is no r in font nullfont!
Missing character: There is no r in font nullfont!
Missing character: There is no o in font nullfont!
Missing character: There is no r in font nullfont!
Missing character: There is no ( in font nullfont!
Missing character: There is no E in font nullfont!
Missing character: There is no q in font nullfont!
Missing character: There is no u in font nullfont!
Missing character: There is no a in font nullfont!
Missing character: There is no t in font nullfont!
Missing character: There is no i in font nullfont!
Missing character: There is no o in font nullfont!
Missing character: There is no n in font nullfont!
Missing character: There is no 2 in font nullfont!
Missing character: There is no ) in font nullfont!
Missing character: There is no e in font nullfont!
Missing character: There is no x in font nullfont!
Missing character: There is no c in font nullfont!
Missing character: There is no e in font nullfont!
Missing character: There is no e in font nullfont!
Missing character: There is no d in font nullfont!
Missing character: There is no s in font nullfont!
Missing character: There is no a in font nullfont!
Missing character: There is no d in font nullfont!
Missing character: There is no e in font nullfont!
Missing character: There is no f in font nullfont!
Missing character: There is no i in font nullfont!
Missing character: There is no n in font nullfont!
Missing character: There is no e in font nullfont!
Missing character: There is no d in font nullfont!
Missing character: There is no t in font nullfont!
Missing character: There is no o in font nullfont!
Missing character: There is no l in font nullfont!
Missing character: There is no e in font nullfont!
Missing character: There is no r in font nullfont!
Missing character: There is no a in font nullfont!
Missing character: There is no n in font nullfont!
Missing character: There is no c in font nullfont!
Missing character: There is no e in font nullfont!
Missing character: There is no t in font nullfont!
Missing character: There is no h in font nullfont!
Missing character: There is no r in font nullfont!
Missing character: There is no e in font nullfont!
Missing character: There is no s in font nullfont!
Missing character: There is no h in font nullfont!
Missing character: There is no o in font nullfont!
Missing character: There is no l in font nullfont!
Missing character: There is no d in font nullfont!

! LaTeX Error: Unicode character ϵ (U+03F5)
               not set up for use with LaTeX.

See the LaTeX manual or LaTeX Companion for explanation.
Type  H <return>  for immediate help.
 ...                                              
                                                  
l.51 ...) exceeds a defined tolerance threshold ϵ
                                                  .
You may provide a definition with
\DeclareUnicodeCharacter 

Missing character: There is no . in font nullfont!

Overfull \hbox (28.63873pt too wide) in paragraph at lines 51--52
\OT1/cmr/bx/n/10 Long-
 []


Overfull \hbox (26.63182pt too wide) in paragraph at lines 51--52
\OT1/cmr/bx/n/10 Term
 []


Overfull \hbox (25.72903pt too wide) in paragraph at lines 51--52
\OT1/cmr/bx/n/10 Tem-
 []


Overfull \hbox (16.29158pt too wide) in paragraph at lines 51--52
\OT1/cmr/bx/n/10 po-
 []


Overfull \hbox (13.52075pt too wide) in paragraph at lines 51--52
\OT1/cmr/bx/n/10 ral
 []


Overfull \hbox (20.28459pt too wide) in paragraph at lines 51--52
\OT1/cmr/bx/n/10 Sta-
 []


Overfull \hbox (16.61102pt too wide) in paragraph at lines 51--52
\OT1/cmr/bx/n/10 bil-
 []


Overfull \hbox (13.4166pt too wide) in paragraph at lines 51--52
\OT1/cmr/bx/n/10 ity
 []


Overfull \hbox (24.75679pt too wide) in paragraph at lines 51--52
\OT1/cmr/bx/n/10 (Sta-
 []


Overfull \hbox (16.61102pt too wide) in paragraph at lines 51--52
\OT1/cmr/bx/n/10 bil-
 []


Overfull \hbox (7.02774pt too wide) in paragraph at lines 51--52
\OT1/cmr/bx/n/10 i-
 []


Overfull \hbox (26.88875pt too wide) in paragraph at lines 51--52
\OT1/cmr/bx/n/10 tyN):
 []


! LaTeX Error: Unicode character ​ (U+200B)
               not set up for use with LaTeX.

See the LaTeX manual or LaTeX Companion for explanation.
Type  H <return>  for immediate help.
 ...                                              
                                                  
l.52 ...{Physical Consistency (ConsistencyKE​):}
                                                   The preservation of key p...

You may provide a definition with
\DeclareUnicodeCharacter 

Missing character: There is no T in font nullfont!
Missing character: There is no h in font nullfont!
Missing character: There is no e in font nullfont!
Missing character: There is no p in font nullfont!
Missing character: There is no r in font nullfont!
Missing character: There is no e in font nullfont!
Missing character: There is no s in font nullfont!
Missing character: There is no e in font nullfont!
Missing character: There is no r in font nullfont!
Missing character: There is no v in font nullfont!
Missing character: There is no a in font nullfont!
Missing character: There is no t in font nullfont!
Missing character: There is no i in font nullfont!
Missing character: There is no o in font nullfont!
Missing character: There is no n in font nullfont!
Missing character: There is no o in font nullfont!
Missing character: There is no f in font nullfont!
Missing character: There is no k in font nullfont!
Missing character: There is no e in font nullfont!
Missing character: There is no y in font nullfont!
Missing character: There is no p in font nullfont!
Missing character: There is no h in font nullfont!
Missing character: There is no y in font nullfont!
Missing character: There is no s in font nullfont!
Missing character: There is no i in font nullfont!
Missing character: There is no c in font nullfont!
Missing character: There is no a in font nullfont!
Missing character: There is no l in font nullfont!
Missing character: There is no q in font nullfont!
Missing character: There is no u in font nullfont!
Missing character: There is no a in font nullfont!
Missing character: There is no n in font nullfont!
Missing character: There is no t in font nullfont!
Missing character: There is no i in font nullfont!
Missing character: There is no t in font nullfont!
Missing character: There is no i in font nullfont!
Missing character: There is no e in font nullfont!
Missing character: There is no s in font nullfont!
Missing character: There is no o in font nullfont!
Missing character: There is no v in font nullfont!
Missing character: There is no e in font nullfont!
Missing character: There is no r in font nullfont!
Missing character: There is no t in font nullfont!
Missing character: There is no h in font nullfont!
Missing character: There is no e in font nullfont!
Missing character: There is no f in font nullfont!
Missing character: There is no u in font nullfont!
Missing character: There is no l in font nullfont!
Missing character: There is no l in font nullfont!
Missing character: There is no r in font nullfont!
Missing character: There is no o in font nullfont!
Missing character: There is no l in font nullfont!
Missing character: There is no l in font nullfont!
Missing character: There is no o in font nullfont!
Missing character: There is no u in font nullfont!
Missing character: There is no t in font nullfont!
Missing character: There is no N in font nullfont!
Missing character: There is no . in font nullfont!
Missing character: There is no S in font nullfont!
Missing character: There is no p in font nullfont!
Missing character: There is no e in font nullfont!
Missing character: There is no c in font nullfont!
Missing character: There is no i in font nullfont!
Missing character: There is no f in font nullfont!
Missing character: There is no i in font nullfont!
Missing character: There is no c in font nullfont!
Missing character: There is no a in font nullfont!
Missing character: There is no l in font nullfont!
Missing character: There is no l in font nullfont!
Missing character: There is no y in font nullfont!
Missing character: There is no , in font nullfont!
Missing character: There is no t in font nullfont!
Missing character: There is no h in font nullfont!
Missing character: There is no e in font nullfont!
Missing character: There is no e in font nullfont!
Missing character: There is no r in font nullfont!
Missing character: There is no r in font nullfont!
Missing character: There is no o in font nullfont!
Missing character: There is no r in font nullfont!
Missing character: There is no i in font nullfont!
Missing character: There is no n in font nullfont!
Missing character: There is no t in font nullfont!
Missing character: There is no h in font nullfont!
Missing character: There is no e in font nullfont!
Missing character: There is no k in font nullfont!
Missing character: There is no i in font nullfont!
Missing character: There is no n in font nullfont!
Missing character: There is no e in font nullfont!
Missing character: There is no t in font nullfont!
Missing character: There is no i in font nullfont!
Missing character: There is no c in font nullfont!
Missing character: There is no e in font nullfont!
Missing character: There is no n in font nullfont!
Missing character: There is no e in font nullfont!
Missing character: There is no r in font nullfont!
Missing character: There is no g in font nullfont!
Missing character: There is no y in font nullfont!
Missing character: There is no s in font nullfont!
Missing character: There is no p in font nullfont!
Missing character: There is no e in font nullfont!
Missing character: There is no c in font nullfont!
Missing character: There is no t in font nullfont!
Missing character: There is no r in font nullfont!
Missing character: There is no u in font nullfont!
Missing character: There is no m in font nullfont!
Missing character: There is no ( in font nullfont!
Missing character: There is no e in font nullfont!
Missing character: There is no . in font nullfont!
Missing character: There is no g in font nullfont!
Missing character: There is no . in font nullfont!
Missing character: There is no , in font nullfont!
Missing character: There is no t in font nullfont!
Missing character: There is no h in font nullfont!
Missing character: There is no e in font nullfont!
Missing character: There is no c in font nullfont!
Missing character: There is no u in font nullfont!
Missing character: There is no m in font nullfont!
Missing character: There is no u in font nullfont!
Missing character: There is no l in font nullfont!
Missing character: There is no a in font nullfont!
Missing character: There is no t in font nullfont!
Missing character: There is no i in font nullfont!
Missing character: There is no v in font nullfont!
Missing character: There is no e in font nullfont!
Missing character: There is no e in font nullfont!
Missing character: There is no r in font nullfont!
Missing character: There is no r in font nullfont!
Missing character: There is no o in font nullfont!
Missing character: There is no r in font nullfont!
Missing character: There is no i in font nullfont!
Missing character: There is no n in font nullfont!
Missing character: There is no t in font nullfont!
Missing character: There is no h in font nullfont!
Missing character: There is no e in font nullfont!
Missing character: There is no t in font nullfont!
Missing character: There is no i in font nullfont!
Missing character: There is no m in font nullfont!
Missing character: There is no e in font nullfont!
Missing character: There is no - in font nullfont!
Missing character: There is no a in font nullfont!
Missing character: There is no v in font nullfont!
Missing character: There is no e in font nullfont!
Missing character: There is no r in font nullfont!
Missing character: There is no a in font nullfont!
Missing character: There is no g in font nullfont!
Missing character: There is no e in font nullfont!
Missing character: There is no o in font nullfont!
Missing character: There is no f in font nullfont!
Missing character: There is no k in font nullfont!
Missing character: There is no i in font nullfont!
Missing character: There is no n in font nullfont!
Missing character: There is no e in font nullfont!
Missing character: There is no t in font nullfont!
Missing character: There is no i in font nullfont!
Missing character: There is no c in font nullfont!
Missing character: There is no e in font nullfont!
Missing character: There is no n in font nullfont!
Missing character: There is no e in font nullfont!
Missing character: There is no r in font nullfont!
Missing character: There is no g in font nullfont!
Missing character: There is no y in font nullfont!

! LaTeX Error: Unicode character ∑ (U+2211)
               not set up for use with LaTeX.

See the LaTeX manual or LaTeX Companion for explanation.
Type  H <return>  for immediate help.
 ...                                              
                                                  
l.52 ... in the time-average of kinetic energy ∑
                                                  t=0N​E[21​ρ∥ut​�...

You may provide a definition with
\DeclareUnicodeCharacter 

Missing character: There is no t in font nullfont!
Missing character: There is no = in font nullfont!
Missing character: There is no 0 in font nullfont!
Missing character: There is no N in font nullfont!

! LaTeX Error: Unicode character ​ (U+200B)
               not set up for use with LaTeX.

See the LaTeX manual or LaTeX Companion for explanation.
Type  H <return>  for immediate help.
 ...                                              
                                                  
l.52 ... time-average of kinetic energy ∑t=0N​
                                                  E[21​ρ∥ut​∥2]).
You may provide a definition with
\DeclareUnicodeCharacter 

Missing character: There is no E in font nullfont!
Missing character: There is no [ in font nullfont!
Missing character: There is no 2 in font nullfont!
Missing character: There is no 1 in font nullfont!

! LaTeX Error: Unicode character ​ (U+200B)
               not set up for use with LaTeX.

See the LaTeX manual or LaTeX Companion for explanation.
Type  H <return>  for immediate help.
 ...                                              
                                                  
l.52 ...verage of kinetic energy ∑t=0N​E[21​
                                                  ρ∥ut​∥2]).
You may provide a definition with
\DeclareUnicodeCharacter 


! LaTeX Error: Unicode character ρ (U+03C1)
               not set up for use with LaTeX.

See the LaTeX manual or LaTeX Companion for explanation.
Type  H <return>  for immediate help.
 ...                                              
                                                  
l.52 ...rage of kinetic energy ∑t=0N​E[21​ρ
                                                  ∥ut​∥2]).
You may provide a definition with
\DeclareUnicodeCharacter 


! LaTeX Error: Unicode character ∥ (U+2225)
               not set up for use with LaTeX.

See the LaTeX manual or LaTeX Companion for explanation.
Type  H <return>  for immediate help.
 ...                                              
                                                  
l.52 ...e of kinetic energy ∑t=0N​E[21​ρ∥
                                                  ut​∥2]).
You may provide a definition with
\DeclareUnicodeCharacter 

Missing character: There is no u in font nullfont!
Missing character: There is no t in font nullfont!

! LaTeX Error: Unicode character ​ (U+200B)
               not set up for use with LaTeX.

See the LaTeX manual or LaTeX Companion for explanation.
Type  H <return>  for immediate help.
 ...                                              
                                                  
l.52 ...kinetic energy ∑t=0N​E[21​ρ∥ut​
                                                  ∥2]).
You may provide a definition with
\DeclareUnicodeCharacter 


! LaTeX Error: Unicode character ∥ (U+2225)
               not set up for use with LaTeX.

See the LaTeX manual or LaTeX Companion for explanation.
Type  H <return>  for immediate help.
 ...                                              
                                                  
l.52 ...etic energy ∑t=0N​E[21​ρ∥ut​∥
                                                  2]).
You may provide a definition with
\DeclareUnicodeCharacter 

Missing character: There is no 2 in font nullfont!
Missing character: There is no ] in font nullfont!
Missing character: There is no ) in font nullfont!
Missing character: There is no . in font nullfont!

Overfull \hbox (41.62613pt too wide) in paragraph at lines 52--53
\OT1/cmr/bx/n/10 Physical
 []


Overfull \hbox (24.27765pt too wide) in paragraph at lines 52--53
\OT1/cmr/bx/n/10 Con-
 []


Overfull \hbox (16.09988pt too wide) in paragraph at lines 52--53
\OT1/cmr/bx/n/10 sis-
 []


Overfull \hbox (27.31236pt too wide) in paragraph at lines 52--53
\OT1/cmr/bx/n/10 tency
 []


Overfull \hbox (28.74985pt too wide) in paragraph at lines 52--53
\OT1/cmr/bx/n/10 (Con-
 []


Overfull \hbox (16.09988pt too wide) in paragraph at lines 52--53
\OT1/cmr/bx/n/10 sis-
 []


Overfull \hbox (19.96518pt too wide) in paragraph at lines 52--53
\OT1/cmr/bx/n/10 ten-
 []


Overfull \hbox (35.41647pt too wide) in paragraph at lines 52--53
\OT1/cmr/bx/n/10 cyKE):
 []

)
! Emergency stop.
<*> problemformulation.tex
                          
*** (job aborted, no legal \end found)

 
Here is how much of TeX's memory you used:
 49 strings out of 474222
 794 string characters out of 5748733
 1927975 words of memory out of 5000000
 22399 multiletter control sequences out of 15000+600000
 559331 words of font info for 40 fonts, out of 8000000 for 9000
 1141 hyphenation exceptions out of 8191
 20i,4n,22p,501b,129s stack positions out of 10000i,1000n,20000p,200000b,200000s
!  ==> Fatal error occurred, no output PDF file produced!
